Timestamp, CatConfig, OpMode, AntennaMode, CodeChannel, TxGain, PowerupMode, TxNumPackets, TxPacketLenWords, TxPacketDelayMs, AcqIntegrationIndex, AutoThreshold, ManualThreshold, RxFilter, AcqPriPs, AcqPreambleLenUs, AutoIntegration, DataIntegrationIndex, DataType, PayloadPriPs, PayloadLenUs, ScanStartPs, ScanEndPs, ScanStepSizeBins, ScanIntegrationIndex, Flags, PersistFlag
1734621693.728, CatConfig, 2, 0, 0, 63, 0, 0, 1000, 100, 7, 1, 0, 101, 94999, 1206, 1, 6, 2, 105310, 217383, -10000, 31017, 32, 1, 0, 0
Timestamp, CatFullScanInfo, MessageId, SourceId, Timestamp, ChannelRiseTime, vPeak, LinearSnr, LedIndex, LockspotOffset, ScanStartPs, ScanStopPs, ScanStepBins, ScanFiltering, AntennaId, OperationalMode, NumSamplesTotal, ScanData
1734621693.760, CatFullScanInfo, 30405, 0, 2553037, 0, 21460, 2587.097, 78, 163, -9998, 31017, 32, 1, 0, 3, 672, -68, -64, -3, -25, 45, 52, 27, -29, 27, -7, -82, 137, 45, 27, -15, 78, 49, -87, -76, 3, -25, -114, 6, -119, -76, 2, 5, -138, -78, -15, 143, 114, -1, 60, 78, 21, 25, 42, -144, 94, 58, 30, 164, -31, 72, 7, -72, -61, -23, 30, -26, -26, 35, 73, 30, 145, -113, 109, 67, 48, 35, -82, 144, -11, 89, -36, -94, -45, -105, 12, -67, -55, 43, 35, 58, -65, 91, -116, -91, -12, -155, -5, -167, 51, 159, -135, -282, 21, 670, -38, -1177, -386, 1863, 419, -2768, -857, 3648, 1058, -3935, -2067, 3854, 2560, -3333, -2431, 2290, 2215, -632, -2119, -552, 1408, 1153, -782, -1487, 392, 1383, -91, -878, 260, 79, -1005, 88, 2080, 61, -3275, -890, 4139, 1551, -4594, -1485, 4698, 2413, -3744, -2914, 2237, 3098, -538, -2844, -1290, 2074, 2503, -778, -3254, -533, 3095, 1710, -2348, -2901, 910, 2969, 440, -2613, -1654, 1928, 2431, -1248, -3071, 279, 3675, -418, -4328, 891, 4817, -811, -5311, -57, 5362, 818, -5013, -2070, 3999, 3649, -2094, -4177, -267, 3718, 2011, -2979, -2829, 1578, 3110, -48, -2409, -743, 1335, 1061, -193, -825, -452, 370, 435, 256, -126, -379, -475, 10, 1022, 544, -1527, -1311, 1115, 1679, -831, -1885, 718, 1535, -666, -1364, 767, 996, -888, -667, 822, 197, -509, -304, 411, 211, -260, -49, 87, -87, 157, -5, -352, -9, 494, -185, -502, 37, 435, 290, -493, -580, 122, 600, 146, -516, -494, 396, 650, -105, -586, -119, 323, 123, -47, -54, -397, -551, 338, 1173, -116, -1665, -329, 1454, 1314, -872, -2075, 604, 2483, 238, -2521, -1549, 1933, 1979, -1161, -1607, 364, 1137, 112, -306, -182, -97, 74, 273, 297, -366, -420, 100, 392, 398, 167, -679, -644, 641, 919, -292, -1119, -351, 1173, 927, -466, -1258, -442, 831, 874, -361, -1164, -246, 1078, 739, -988, -1100, 729, 901, -685, -825, 835, 811, -1123, -879, 1079, 1212, -1293, -1193, 888, 1161, -674, -1060, -72, 703, 593, -435, -714, 184, 852, -47, -821, 91, 751, -249, -646, 484, 472, -350, -433, 472, 242, -193, -55, -112, -77, 538, 465, -552, -513, 774, 595, -1141, -405, 1020, 342, -680, -283, 268, 335, 360, -158, -1045, 68, 1321, 157, -1359, -436, 1133, 395, -438, -635, 117, 414, 445, -97, -522, -229, 382, 279, -189, -457, -140, 235, 495, 59, -606, -198, 406, 563, -240, -538, -262, 765, 623, -456, -714, 307, 736, -182, -794, -270, 532, 273, -161, -397, 76, 230, 33, -316, -314, 184, 396, -89, -416, -82, 419, 373, -4, -313, -17, 7, 52, 388, -97, -937, -398, 1006, 390, -970, -961, 865, 1036, -451, -1195, -29, 1058, 228, -628, -597, 301, 789, 62, -674, -31, 489, 282, -387, -240, 210, 80, -80, 121, 263, -185, -133, 333, 409, -304, -475, 293, 469, -446, -342, 322, 511, -16, -533, -79, 374, 33, -422, -273, 300, 530, -245, -676, -72, 785, 155, -785, -303, 918, 408, -637, -391, 385, 450, -316, -252, -144, 178, 174, -197, -98, -72, 54, 262, 269, -434, -471, 83, 668, 117, -568, -428, 640, 227, -218, -131, 372, 12, -336, 304, 183, -407, -236, 554, 417, -500, -404, 370, 217, 13, -356, -81, 108, 289, 131, -288, -232, 260, 456, -75, -213, -1, 334, -333, -584, 208, 833, -211, -1014, -42, 1037, 250, -887, -560, 687, 549, -409, -502, 265, 493, 268, -441, -586, 290, 771, 151, -526, -503, 314, 698, -282, -951, -167, 751, 290, -634, -716, 309, 1025, 159, -901, -344, 803, 557, -394, -698, 49, 725, 85, -656, -42, 336, -165, -34, 321, -16, -350, 33, 433, 14, -336, -43, 106, 102, 225, 127, -298, -275, 259, 448, 56, -616, -134, 507, 341, -326, -430, 418, 336, -381, -52, 118, -57, -198, 263, 443, -233, -475, -78, 561, 103, -231, -319, -22, 535, 291, -314, -281, 191, 387, 257, -499, -460, 215, 381, -1, -432, -457, 102, 472, 129, -379, -242, 378, 148, -123, -216, -8, -11, -87, 360, 136, -466, -129, 500, 301, -401, -474, 201, 332, -139, -404, -156, 234, 170, -133, -119, 64, 169, 41, -82, -56
Timestamp, CatMsg_GetStatsRequest, MessageId
1734621693.947, CatMsg_GetStatsRequest, 25861
1734621693.978, CatFullScanInfo, 30406, 0, 2553255, 1, 19956, 1969.529, 74, 163, -9998, 31017, 32, 1, 0, 3, 672, -72, -155, 37, -174, -5, -193, -155, 35, 96, -12, -56, -57, -15, 47, -139, 15, 91, 14, 97, -14, 156, 114, -135, -169, -6, -66, -37, -7, -61, -130, -29, 17, 38, 61, -112, 139, -158, 30, 192, 169, -48, 31, -156, 80, -79, -78, 16, 13, -153, 15, 84, -22, -125, -59, -20, 13, 72, -76, -116, 16, 135, -11, 0, 49, 136, -98, 65, -89, 26, -18, 188, -4, 23, 22, 82, 8, -48, 21, -189, 61, 117, -310, -150, 253, 594, -412, -1202, 784, 1800, -589, -2806, 877, 3759, -446, -4218, 101, 4990, -159, -4321, -633, 3206, 1586, -1707, -1821, 459, 1673, 598, -1317, -1085, 754, 979, -587, -656, 405, -98, -949, 711, 1722, -1328, -2753, 1320, 3704, -901, -4362, 642, 4183, 81, -3451, -1112, 2175, 2127, -185, -2601, -1765, 2817, 3316, -1877, -4292, 649, 4535, 985, -4110, -2504, 2817, 3873, -949, -4008, -682, 3224, 1987, -3010, -2628, 2530, 3203, -2934, -3579, 3526, 3625, -4161, -4059, 3387, 4757, -2186, -4874, 129, 4674, 1815, -3732, -3633, 1933, 4419, -21, -3761, -1482, 2774, 2290, -1634, -2452, 174, 1579, 830, -591, -1181, -32, 1104, 467, -1305, -334, 1541, 256, -2049, -202, 2470, 710, -2609, -1468, 2158, 1801, -1292, -1822, -65, 1240, 862, -495, -1373, -870, 866, 1697, -259, -1748, -797, 1379, 1342, -654, -1235, -184, 937, 805, -246, -1163, -354, 793, 816, -481, -529, 34, 294, 43, -239, 92, -78, -366, -95, 368, 248, -149, -479, 107, 319, 15, -284, -49, 411, -85, -331, 305, 751, -606, -1239, 419, 1759, 63, -1995, -920, 1842, 1645, -1287, -2123, 361, 2175, 489, -1510, -739, 932, 853, -167, -335, -200, -442, 256, 682, 138, -955, -487, 537, 829, -27, -697, -477, 284, 822, 373, -974, -877, 442, 1004, 333, -960, -768, 474, 847, 193, -754, -644, 33, 790, 505, -896, -570, 819, 627, -953, -500, 1082, 231, -1320, -94, 1412, 271, -1598, -555, 1304, 803, -692, -809, 326, 916, -6, -636, -373, 549, 434, -606, -248, 604, 269, -679, -97, 646, 106, -727, -168, 531, 123, -179, -92, -193, 70, 550, 116, -822, 9, 801, 66, -815, -124, 774, 60, -277, -83, -160, 361, 527, -448, -1159, 479, 1234, -170, -1481, -229, 1161, 666, -658, -625, -101, 776, 493, -649, -471, 99, 575, 201, -358, -265, 117, 291, 124, 4, -205, -320, -35, 455, 275, -644, -732, 534, 920, -281, -954, -114, 460, 435, -395, -432, -82, 517, 185, -445, -458, 374, 690, -439, -671, 258, 889, -140, -453, 62, 447, -38, -297, -214, 281, -172, 76, 316, -140, -653, 224, 903, 80, -774, -188, 788, 483, -431, -697, 162, 613, 303, -449, -517, 230, 617, 27, -501, -506, 286, 287, -154, -234, 44, -125, 59, 236, -126, -418, -28, 373, 46, -468, 45, 702, 33, -566, -49, 717, 135, -562, -436, 353, 442, 13, -639, 43, 791, 245, -547, -711, 410, 883, -319, -1084, 74, 1184, 194, -829, -77, 716, 407, -268, -401, -19, 217, 124, -185, -179, 14, 186, 56, 180, -106, -329, 195, 580, -122, -668, -188, 662, 199, -348, -170, -2, 52, 219, 326, -378, -561, 293, 779, -221, -590, 172, 578, 23, -226, 10, 164, 102, 34, 51, -25, 85, 122, -24, -186, -58, 312, 279, -162, -371, 242, 559, -314, -884, 238, 1227, -19, -1081, -216, 908, 259, -731, -558, 29, 573, 58, -527, -519, 305, 860, -121, -821, -470, 632, 772, -519, -719, 76, 860, 373, -880, -367, 435, 803, -269, -826, 61, 987, 174, -736, -477, 520, 549, -276, -305, 275, 77, -31, 137, 94, -296, -187, 400, 61, -134, -11, 78, -66, -176, 133, 144, -420, -84, 178, 290, -107, -436, 83, 512, 118, -467, -198, 359, 32, -150, -114, 121, -125, 54, 440, 164, -333, -324, 377, 431, -127, -191, 23, 155, 101, 92, -67, -339, -66, 256, 239, -410, -425, 148, 502, 69, -624, -317, 394, 386, -29, -554, 153, 631, 177, -373, 8, 67, 98, 76, 156, -80, -430, 131, 414, -53, -484, -72, 73, 294, -133, -229, 182, 384, -3, -159, 25, 203, 106, -47, 43, -71, 91, 29, -68, -36
Timestamp, CatMsg_GetStatsConfirm, MessageId, OpMode, TempDegC, NumBitErrors, NumBits, NumPackets, NumDroppedPackets, NumErrorPackets, RunTimeSecs, Status
1734621694.009, CatMsg_GetStatsConfirm, 25861, 2, 155, 413160, 372160000, 11630, 15, 339, 2541, 0
1734621694.196, CatFullScanInfo, 30407, 0, 2553473, 0, 21780, 1989.825, 76, 163, -9998, 31017, 32, 1, 0, 3, 672, -198, 32, 140, -43, 3, 162, 2, -67, 6, 110, 65, -112, 10, -46, -88, 114, 127, -9, 108, 18, 45, -67, 175, 42, -22, 49, 77, -32, 91, -60, 10, -29, 91, 26, 68, 21, 57, 38, -108, 50, -32, 62, 20, 96, -16, 34, 150, -99, -89, -58, 45, -55, -37, -103, -21, 35, 11, 142, 53, -121, 117, 83, -18, 159, 149, 3, -90, 49, -13, 17, 21, 209, -137, -79, 88, -87, -132, -6, -33, -90, -81, 62, 85, -208, -330, 74, 621, -317, -1174, -34, 1997, 226, -2807, -328, 3582, 818, -4355, -1244, 4345, 1327, -3903, -1755, 2492, 2409, -1290, -2075, 71, 1593, 907, -1098, -1301, 516, 1002, -349, -570, 538, 111, -1087, 185, 1949, -358, -3176, -92, 4082, 290, -4572, -1107, 4434, 1618, -3596, -1959, 1966, 2278, 234, -2018, -2329, 1816, 3790, -459, -4655, -755, 4719, 2504, -3877, -4024, 1927, 4280, -27, -3976, -1755, 2840, 3004, -2349, -3704, 1149, 4372, -1530, -4625, 1578, 5172, -1382, -5336, 933, 5442, -99, -5210, -1594, 4382, 2866, -2733, -4005, 725, 4144, 925, -3201, -2401, 2227, 2598, -597, -2341, -449, 1314, 897, -333, -1079, -436, 975, 1022, -934, -1069, 747, 1327, -685, -1818, 969, 2306, -868, -3146, 307, 3509, 598, -3255, -1709, 2594, 2514, -1618, -2971, 288, 3028, 621, -2316, -1010, 1610, 1211, -1026, -952, 794, 925, -440, -594, 98, 610, 158, -699, -805, 506, 1088, -332, -1093, -107, 1142, 102, -755, -330, 380, 257, -27, -53, -23, -137, 92, 131, -185, 198, 419, -458, -982, 720, 1459, -782, -2058, -10, 2347, 836, -1951, -1945, 1072, 2497, -202, -2923, -1075, 2429, 1559, -1590, -1521, 867, 1248, -16, -358, -233, -179, -174, 604, 426, -489, -747, 27, 707, 522, -289, -889, -231, 958, 945, -661, -1281, -280, 1111, 1212, -982, -1408, 88, 1389, 664, -789, -1249, 215, 1217, 295, -1069, -681, 853, 622, -837, -593, 905, 418, -1182, -719, 1494, 573, -1530, -919, 1406, 1246, -855, -1193, 235, 1099, 7, -664, -632, 389, 708, -291, -599, 342, 567, -442, -460, 513, 408, -557, -292, 489, 321, -188, -174, 64, -12, 356, 241, -549, -218, 703, 181, -589, -229, 487, 306, -628, -206, -9, 185, 534, -289, -1169, 301, 1370, -165, -1441, -173, 938, 584, -353, -702, -167, 593, 624, -312, -783, 9, 821, 196, -569, -372, 114, 21, 345, 41, -265, -350, 288, 554, 285, -543, -587, 451, 886, -272, -867, -146, 609, 362, -373, -398, 119, 490, 162, -455, -437, 314, 541, -396, -635, 334, 660, -92, -523, -183, 515, 42, -401, -344, 255, 199, 112, 166, -84, -460, -110, 836, 210, -791, -686, 719, 754, -242, -545, -260, 677, 540, -236, -832, -202, 908, 527, -761, -591, 407, 531, -170, -365, -130, 142, 119, 152, -188, -508, 84, 478, 45, -527, -172, 686, 134, -855, -459, 568, 461, -534, -510, 177, 588, -161, -558, -115, 537, 411, -327, -584, 441, 954, 32, -954, -267, 981, 287, -787, -544, 359, 452, -42, -417, -102, 184, 118, -122, -271, -356, 83, 492, -17, -520, -390, 132, 560, -135, -581, -215, 531, 212, -216, 22, 299, -120, -352, 448, 151, -633, -206, 510, 130, -518, 31, 354, -116, -236, -50, 96, -285, -155, 304, 159, -167, -8, 159, 40, -286, 280, 209, -340, -508, 236, 840, -182, -1126, 236, 1181, 416, -1372, -424, 938, 677, -570, -664, 335, 689, 374, -524, -440, 379, 614, -180, -571, -381, 565, 417, -160, -619, 13, 766, 409, -602, -555, 459, 742, -379, -770, 59, 763, 490, -645, -289, 625, 650, -260, -458, 101, 353, -57, 10, 20, 37, -5, 33, 193, -56, 84, -243, 109, 14, 289, -72, -484, 47, 280, 314, -289, -447, 26, 649, 98, -425, -95, 361, 7, -283, 128, 180, -170, -318, 207, 186, -387, -343, 145, 280, 91, -265, -376, -26, 270, 289, -296, -471, -64, 439, 201, -499, -302, 95, 650, 21, -391, -220, 330, 333, 28, -492, -66, 403, 226, -425, -393, 100, 194, 120, 122, -158, -374, -2, 424, 96, -314, -205, 87, 225, 110, -64, -22, 239, 143, -263, -3, 72, -5, -56, 175, 52, -284, 65
1734621694.306, CatMsg_GetStatsRequest, 25862
1734621694.352, CatMsg_GetStatsConfirm, 25862, 2, 155, 413160, 372192000, 11631, 15, 339, 2542, 0
1734621694.415, CatFullScanInfo, 30408, 0, 2553692, 1, 21164, 2561.196, 74, 163, -9998, 31017, 32, 1, 0, 3, 672, -7, 42, -49, 37, 137, 21, 12, -134, 145, -68, -26, 180, -76, 26, -153, -15, -112, -23, -31, -93, -143, 67, -15, 36, -101, -100, 29, -129, -103, -50, -22, 105, -51, 54, 61, 68, 144, -210, -66, -138, 102, 60, 109, -53, -49, 18, -77, -63, 84, -92, -48, 7, 115, 12, -49, 50, 49, 19, -177, 12, -64, 24, 87, 18, -37, 125, 32, 51, 4, 45, -92, -25, -73, 48, 15, -36, 10, -168, 15, 81, -115, -271, -278, 206, 579, -578, -1199, 582, 1865, -954, -2790, 735, 3735, -672, -4406, 399, 4963, 41, -4242, -846, 3325, 1467, -2013, -1912, 825, 1702, -181, -1575, -481, 1183, 59, -952, -419, 977, -265, -1431, 663, 2087, -929, -3010, 976, 3803, -1306, -4086, 131, 4158, 1049, -3856, -841, 2044, 1636, -152, -1764, -1824, 1579, 3551, -1111, -4685, 598, 4905, 1506, -4383, -3217, 3362, 3994, -1008, -4222, -895, 3602, 2459, -2825, -3241, 2687, 3767, -3126, -3718, 3039, 4112, -3095, -5299, 2771, 4512, -1367, -4820, -165, 4215, 2060, -3125, -3303, 1726, 3934, -55, -3519, -1484, 2505, 2711, -1304, -2164, 177, 1460, 457, -659, -909, 0, 589, 138, -518, 146, 403, -667, -1205, 949, 1329, -878, -1648, 383, 1782, 226, -1208, -819, 555, 1025, 23, -677, -499, 340, 719, -97, -725, 138, 725, 33, -677, 186, 666, -108, -526, 174, 539, 114, -350, -148, 200, 235, 140, -46, -298, -322, -44, 520, 317, -421, -697, 120, 761, -11, -831, -193, 276, 425, 280, -154, -230, -512, 58, 626, 574, -865, -1216, 436, 1760, 268, -1987, -1312, 2042, 1853, -1286, -2465, 442, 2280, 625, -1730, -1029, 643, 897, -21, -202, -376, -426, 381, 942, -166, -957, -527, 523, 752, 12, -631, -674, -95, 1041, 507, -1090, -701, 268, 878, 206, -634, -762, 76, 950, 331, -659, -910, -72, 932, 533, -1269, -673, 802, 475, -838, -230, 876, 156, -1139, 217, 1348, 135, -1448, -425, 1250, 625, -833, -990, 294, 1052, 140, -841, -393, 617, 475, -759, -257, 731, 110, -810, -251, 850, 278, -874, -126, 562, 354, -202, -166, -173, 22, 534, 5, -904, -57, 1132, 163, -968, -233, 989, 183, -706, -343, 198, 379, 229, -606, -816, 725, 1122, -593, -1696, 282, 1559, 176, -1075, -543, 589, 700, 73, -529, -385, 503, 425, -296, -590, 72, 369, 1, -106, -58, -43, -14, 43, 429, -20, -406, -348, 725, 546, -416, -594, -6, 622, 368, -708, -256, 272, 544, -302, -522, 118, 618, 89, -531, -426, 409, 322, -312, -529, 157, 417, -101, -520, 50, 60, -306, -13, 339, -120, -728, 112, 894, 237, -922, -483, 681, 735, -564, -1012, -87, 1024, 456, -772, -703, 387, 783, -104, -582, -436, 222, 373, 61, -87, -168, 70, 385, 462, -286, -571, -62, 599, 164, -697, -285, 615, 425, -529, -389, 616, 327, -362, -417, 218, 620, 93, -477, 33, 649, 246, -528, -658, 373, 758, 83, -960, 170, 793, 84, -691, -242, 467, 431, -182, -489, -163, 256, 283, -136, -329, -132, 12, 310, 109, -447, -465, 334, 539, -220, -674, -38, 746, -16, -361, -124, 96, -210, -52, 274, -39, -342, 104, 482, -80, -448, 93, 455, -159, -84, 215, 134, -18, -108, 18, 159, -235, -92, -92, 13, 55, 112, -34, -288, -344, 479, 389, -467, -885, 508, 912, -133, -842, 83, 798, 258, -727, -530, 471, 406, -18, -440, -71, 286, 414, 84, -579, -307, 697, 523, -212, -790, 286, 858, -210, -873, -170, 768, 522, -469, -743, 54, 867, 193, -731, -586, 336, 448, -299, -223, 261, 304, -3, 51, 233, -323, -147, 181, 253, -238, -396, 125, 235, -101, 2, -62, -210, -211, 197, 265, -157, -397, 175, 583, 108, -450, -159, 443, -83, -308, 161, 124, -182, -82, 634, -18, -424, -443, 217, 328, -160, -136, 22, 147, 323, 211, -322, -326, 266, 254, -37, -428, -279, 259, 536, -36, -394, -298, 313, 211, -98, -358, -146, 336, 155, -72, -72, -17, -123, 282, 217, -129, -488, 21, 413, 2, -446, -201, 386, 250, -358, -379, 253, 438, -63, -355, -27, 290, 28, 48, -29, -106, 78, 79, -38, -106
1734621694.633, CatFullScanInfo, 30409, 0, 2553910, 0, 22168, 2489.624, 78, 163, -9998, 31017, 32, 1, 0, 3, 672, -13, -11, 6, -32, -35, -128, 167, -34, -72, 46, 20, -48, 46, -82, 97, -77, -78, -47, 163, -41, 129, 76, -68, 151, 137, -245, 77, 13, 53, -17, 11, 52, 267, 25, -89, 156, -118, -10, 16, 52, -35, 31, -81, -135, 33, 24, -25, 47, -82, 148, -128, -23, 137, -12, 18, 8, 64, -45, 170, 145, -9, 14, -16, -24, 27, -2, 31, -68, 61, 11, 142, -301, -4, 46, -146, 16, 14, 18, -158, 28, 46, -112, 16, 75, -46, -63, -252, 204, 653, -163, -1282, 5, 1896, 308, -2838, -681, 3698, 984, -4288, -1654, 4181, 2356, -4202, -1970, 3154, 1966, -1346, -2214, 383, 1972, 370, -1333, -822, 914, 919, -563, -665, 1017, 396, -1539, -95, 2456, 560, -3555, -596, 4236, 1449, -4848, -2348, 4820, 2359, -4151, -2557, 2801, 1474, -1286, -1053, -598, 175, 2340, 766, -3319, -2154, 3465, 3603, -2553, -4171, 1100, 3836, 703, -3044, -1662, 2323, 2643, -601, -3628, 836, 4006, -24, -4787, 249, 5176, -302, -5539, -392, 5545, 302, -5033, -1401, 4293, 3325, -2183, -3812, 874, 3563, 1416, -2884, -2518, 1624, 2570, -387, -2024, -186, 1263, 538, -217, -642, -473, 297, 456, -522, -466, 861, 156, -1594, -336, 2562, 145, -2889, -349, 2702, 897, -2131, -961, 1323, 805, -503, -591, -60, 55, 201, 406, -135, -435, 85, 290, 1, 155, -35, -333, -228, 442, 564, -635, -388, 400, 386, -436, -426, 135, 151, -63, -350, 27, 631, 72, -783, -141, 445, 426, -318, -747, 213, 843, -313, -419, 226, 158, -506, 76, 900, -201, -1341, -112, 1622, 865, -1224, -1454, 346, 2274, 138, -2261, -849, 2106, 1560, -1285, -1577, 486, 1228, 269, -384, -331, -85, 346, 633, 104, -800, -466, 226, 498, 351, -115, -835, -488, 716, 883, -396, -1320, -480, 1311, 1140, -543, -1528, -340, 1146, 761, -361, -1194, 14, 1197, 642, -1038, -949, 613, 972, -577, -842, 704, 988, -858, -718, 1304, 1072, -1243, -1300, 1035, 1247, -447, -1133, -113, 842, 490, -404, -936, -72, 1159, -212, -550, 295, 652, -184, -577, 315, 531, -469, -277, 427, 376, -218, -155, -104, -395, 59, 109, -650, -324, 358, 328, -563, -64, 681, -329, -447, 145, 127, -212, 448, 382, -806, -294, 1360, 510, -1217, -1011, 861, 927, -621, -926, 368, 989, 216, -732, -630, 203, 424, -129, -325, 120, 306, 77, 22, 144, -171, -611, -271, 559, 329, -660, -666, 241, 950, -198, -804, -181, 639, 366, -312, -338, 433, 267, -193, -402, 32, 264, 265, -95, -633, 363, 551, -250, -749, -49, 565, 111, -466, -16, 374, -8, -101, 448, -19, -590, 28, 725, 199, -841, -287, 604, 596, -446, -964, -71, 693, 633, -528, -1014, 92, 977, 486, -664, -687, 514, 463, -65, -422, 62, 341, 108, 27, -79, -94, -179, 414, 339, -690, -484, 667, 574, -671, -522, 275, 538, -387, -627, 141, 587, 107, -536, -468, 237, 615, -522, -626, 213, 935, 100, -800, -230, 618, 333, -189, -560, 49, 509, 351, -213, -468, 152, 416, 111, -149, -361, -129, 428, 267, -475, -874, 407, 678, 15, -650, -186, 624, 198, -660, -147, 284, 25, -452, 192, 560, -371, -578, 126, 372, -164, -293, 156, 311, -78, 100, -189, -177, -30, 84, 117, -156, 94, 204, 158, -99, 233, 217, -234, -435, 378, 754, 14, -1034, 232, 1180, -80, -1189, -414, 785, 490, -472, -574, 212, 622, -11, -523, -542, 310, 672, 34, -337, -223, 391, 598, -178, -764, -32, 640, 274, -577, -634, 502, 893, -162, -794, -108, 751, 523, -656, -753, 188, 653, -79, -640, -18, 239, 34, -22, 64, 82, -116, -5, 281, -33, -68, -99, -2, -64, 24, 288, -173, -122, 180, 429, -236, -548, 52, 511, 187, -300, -75, 271, 84, -317, 58, 279, -352, -335, 403, 453, -304, -417, 95, 476, 6, -159, -271, 155, 454, 246, -23, -413, 66, 512, 308, -429, -268, 72, 432, 291, -362, -569, 37, 561, 164, -502, -321, 442, 382, -345, -148, 21, -3, 190, 144, 84, -313, 31, 379, 77, -278, -23, 260, 129, -85, -136, -45, 230, -95, -215, 147, 22, -191, 33, 12, -74
1734621694.664, CatMsg_GetStatsRequest, 25863
1734621694.727, CatMsg_GetStatsConfirm, 25863, 2, 154, 413160, 372256000, 11633, 15, 339, 2542, 0
1734621694.852, CatFullScanInfo, 30410, 0, 2554128, 1, 21116, 1920.57, 74, 163, -9998, 31017, 32, 1, 0, 3, 672, 121, -133, 44, -92, -30, 102, 90, 77, -7, -2, -175, -141, -111, -114, -44, -57, -26, 55, 146, -137, 29, 44, 107, -129, 13, -118, 7, -21, 108, -96, -4, -49, 12, -117, 13, -2, -45, -17, -26, -85, 78, -57, -48, 159, 28, 22, -83, 62, 57, -97, -167, 82, -83, -70, -8, -166, 49, 58, -76, -44, -136, 258, -16, -45, 10, 16, -32, -175, 78, 50, 67, -85, -61, 113, -90, -6, -133, 50, -115, 186, 123, -190, -293, 349, 690, -544, -1158, 702, 1887, -896, -2555, 1122, 3715, -677, -4486, -36, 5219, -290, -4779, 75, 3822, 682, -2640, -994, 1270, 1595, -540, -1420, -187, 1196, 226, -970, -276, 1274, -482, -1603, 846, 2505, -1129, -3616, 650, 4327, -108, -5056, -384, 5278, 893, -4703, -1114, 3599, 1293, -2309, -1154, 299, 1140, 1216, -374, -2927, -719, 3371, 1686, -3377, -2607, 2544, 3141, -995, -2904, -138, 2855, 1193, -2642, -2353, 2306, 3290, -2336, -3995, 2990, 4376, -3302, -4837, 2548, 5082, -1915, -4812, 395, 4208, 1486, -3295, -3356, 1766, 3768, 164, -3565, -1337, 2262, 2134, -1281, -1735, 646, 1037, -129, -467, -223, 47, 183, 168, -178, -162, 675, -79, -1375, -20, 2509, -121, -3186, -247, 3219, 399, -2629, -980, 2032, 454, -1279, -299, 639, -172, -477, 155, 134, -110, -225, -405, -230, 947, 724, -1047, -1152, 1256, 1478, -892, -1247, 384, 1114, -5, -486, -153, 190, 20, 121, 339, -104, -140, -208, 68, 321, 196, -407, -598, 168, 695, 83, -551, -127, 245, 159, 186, 201, -451, -757, 289, 1485, -155, -1761, -810, 1660, 1948, -1142, -1975, 292, 1916, 570, -1445, -999, 542, 848, 106, -165, -442, -497, 391, 851, -68, -1046, -594, 579, 615, 24, -556, -692, 5, 1103, 472, -915, -911, 594, 1220, 413, -889, -1134, 198, 1128, 227, -994, -862, 238, 1201, 180, -1086, -630, 1182, 546, -968, -322, 1108, 322, -1276, -151, 1557, 3, -1726, -458, 1483, 776, -1096, -960, 593, 1206, -55, -1052, -472, 921, 645, -859, -522, 927, 565, -888, -352, 746, 564, -629, -470, 670, 324, -369, -216, -175, 80, 379, 136, -647, -7, 770, 177, -686, -121, 856, -74, -540, -22, 253, 157, 310, -312, -931, 388, 1204, -431, -1562, 25, 1434, 304, -938, -774, 338, 1089, 260, -1114, -516, 860, 638, -808, -552, 624, 513, -387, -182, 478, -73, -629, -101, 323, 198, -372, -422, 624, 587, -282, -588, 284, 577, 36, -469, -207, 346, 201, -465, -631, 113, 593, 59, -668, -293, 754, 481, -796, -774, 506, 868, -228, -632, 106, 422, -175, 36, 279, -184, -594, 158, 879, 133, -1289, -526, 1152, 893, -876, -1213, 173, 1349, 246, -1233, -821, 637, 1250, -41, -1020, -186, 767, 485, -321, -240, -25, 178, 326, 225, -159, -422, 172, 947, -231, -772, -97, 786, 182, -720, -149, 135, 214, -192, -253, 16, 447, 158, -411, -139, 402, 150, -290, -234, 471, 425, -456, -395, 337, 361, -197, -253, 127, 94, 141, 209, -275, -321, -68, 440, 228, -305, -559, -265, 747, 322, -721, -776, 654, 1073, -358, -1092, -51, 1170, -45, -816, 29, 820, 21, -580, 231, 451, -315, -285, 299, 345, -302, -141, 204, -54, 185, 192, -144, -177, 188, 291, 88, -304, -60, 177, -108, -106, 124, 120, -228, -241, 375, 547, -448, -1063, 204, 1103, -151, -1334, 144, 1035, 232, -615, -429, 216, 341, 298, -267, -531, 74, 860, 157, -861, -400, 816, 533, -535, -773, 142, 809, 93, -779, -471, 627, 633, -462, -719, 55, 721, 60, -702, -392, 450, 474, -184, -449, 171, 235, -148, -60, 13, -78, -150, 175, 136, -146, 114, 148, -140, -198, 371, 146, -427, -172, 453, 453, -489, -512, 354, 629, 13, -488, 15, 569, 12, -349, 7, 159, 64, -308, 419, 90, -322, -281, 245, 207, -192, -213, -190, 184, 330, 81, -279, -314, 91, 587, 44, -393, -251, 420, 449, -138, -560, -184, 187, 396, -229, -504, 200, 344, -84, -237, 14, 29, -7, 40, 194, -39, -493, 55, 518, -9, -254, -31, 281, 264, 32, -203, -18, 261, 101, 50, -38, -210, 5, 149, 104, -213, -31, 105, 135, 12
1734621695.023, CatMsg_GetStatsRequest, 25864
1734621695.070, CatFullScanInfo, 30411, 0, 2554346, 1, 21708, 2813.37, 116, 163, -9998, 31017, 32, 1, 0, 3, 672, -11, -106, 127, -201, -36, -70, 11, 97, 46, -32, -41, -21, 17, -35, 59, -100, 121, 24, -34, 44, 117, -20, 23, -4, -36, -5, -56, -105, 82, 80, 66, 43, 8, 97, -116, 35, 18, 64, -104, 68, 49, 17, 61, 140, -30, 7, 42, 5, -1, -22, -43, -76, -38, -51, 72, -78, -100, -1, -51, -11, 118, -4, 39, 46, -90, -10, 17, 35, 256, -157, -38, -27, 6, -129, 60, -75, 60, 2, -48, -83, 7, -64, 41, 26, -51, -76, 33, 1, -59, -4, -128, 125, 51, -21, -79, -13, 75, 46, 63, 154, -80, -72, 61, 197, -55, -21, 18, 107, -81, 26, 62, -44, -39, 80, -38, -80, 108, -14, 43, 17, 7, 276, -14, -308, -393, 434, 578, -965, -1346, 1183, 2029, -1706, -2972, 2038, 4041, -1766, -4798, 1533, 5131, -1388, -4588, 267, 3934, 211, -2882, -1107, 1627, 1236, -767, -1187, -228, 1131, 150, -1083, 3, 1190, -404, -1671, 976, 2399, -948, -3296, 1463, 4094, -937, -5070, -297, 5424, 770, -4987, -1459, 4262, 2090, -2914, -2057, 1383, 1464, 320, -1538, -1819, 936, 2801, 323, -3052, -1166, 2723, 1734, -1937, -2350, 338, 2561, 448, -2833, -1634, 3125, 2442, -3257, -3494, 4141, 3523, -5014, -3641, 3869, 4586, -3127, -4757, 1311, 4557, 933, -3491, -2714, 2423, 3941, -386, -3698, -764, 2851, 1305, -1320, -1769, 156, 1457, 841, -1192, -1317, 747, 1740, -760, -2016, 857, 2581, -1374, -3166, 1729, 4029, -1014, -4229, 461, 3952, 139, -3441, -895, 2063, 1128, -914, -1099, 54, 971, 529, -676, -996, 644, 1183, -522, -1238, 753, 1189, -683, -1057, 384, 1067, -37, -748, -194, 331, 551, 191, -418, -363, 185, 578, -172, -267, 114, 39, 79, 128, 293, -347, -327, 285, 464, -96, -184, -140, -359, 135, 852, 467, -1306, -1012, 643, 1766, -244, -2263, -556, 2052, 1844, -1791, -2145, 624, 2231, 195, -1765, -757, 906, 916, -113, -274, -355, -461, 561, 756, -132, -912, -306, 560, 647, -71, -818, -709, 423, 1017, 441, -921, -732, 630, 950, 170, -867, -533, 504, 1023, 217, -726, -776, 260, 1109, 364, -1134, -605, 1064, 585, -1232, -627, 1162, 311, -1609, -477, 1664, 512, -1935, -663, 1651, 1244, -971, -1174, 471, 1107, 4, -842, -462, 825, 520, -712, -572, 728, 570, -884, -447, 831, 484, -650, -353, 621, 127, -145, -98, -138, 102, 477, 109, -629, -7, 589, -36, -569, 319, 553, -428, -293, 421, -209, -100, 466, -77, -963, 246, 1062, -428, -1328, 135, 1068, 29, -956, -350, 435, 702, 138, -833, -677, 553, 755, -348, -562, 331, 170, -210, 86, 315, -315, -449, 352, 577, 146, -936, -224, 943, 483, -765, -944, 609, 988, 7, -1067, 7, 775, 281, -556, -554, 150, 685, 241, -574, -383, 503, 759, -599, -826, 235, 705, -117, -479, 43, 87, 34, -60, 158, -268, -468, 236, 898, -95, -1017, 195, 1025, 384, -664, -681, 317, 905, 115, -776, -628, 521, 718, -16, -827, -311, 423, 529, -237, -590, -103, -19, 378, 167, -308, -536, 365, 752, -158, -758, -107, 795, 146, -653, -221, 530, 408, -279, -350, 57, 483, -42, -497, -27, 759, 310, -640, -508, 802, 436, -535, -602, 525, 418, -180, -337, 69, 139, 183, 126, -170, -552, -118, 422, 163, -330, -487, 24, 543, 380, -569, -782, 333, 850, -495, -801, 237, 807, -23, -826, 112, 625, -482, -463, 496, 460, -559, -322, 645, 302, -426, -361, 173, 38, -79, 151, -233, -69, 142, 88, -265, -104, 99, -91, -195, 128, 158, -243, -445, 180, 626, -1, -621, -657, 931, 826, -737, -1121, 538, 1094, -219, -819, -205, 506, 251, -87, -285, -301, 401, 427, -160, -817, -56, 674, 361, -462, -716, 75, 818, 32, -943, -556, 850, 803, -688, -811, 351, 824, -151, -688, -320, 477, 399, -431, -128, 80, 106, 23, 48, -39, -241, -81, 153, -28, -170, -191, 124, 130, -97, 235, -37, -116, 20, 268, 255, -354, -341, 296, 414, -107, -443, -112, 274, -109, -26, 156, 62, -429, 18, 528, 62, -625, -260, 362, 155, -337, -274, 149, 258, 323, -241, -317, -216, 314, 290, -39, -294, -66, 212
1734621695.132, CatMsg_GetStatsConfirm, 25864, 2, 156, 413160, 372320000, 11635, 15, 339, 2542, 0
1734621695.257, CatFullScanInfo, 30412, 0, 2554564, 1, 23840, 138.9616, 145, 163, -9998, 31017, 32, 1, 0, 3, 672, -156, -219, -777, -630, -450, -540, -537, 267, -714, -407, 126, -414, -261, 164, -73, 342, 251, -72, 932, -167, 1048, 398, -144, -485, 895, -354, 253, 228, 346, -194, -238, -298, 123, -229, -690, 312, -885, 485, 315, 409, -556, 650, -386, -270, -178, 272, 247, 352, -62, -80, 297, -675, 604, -889, -527, -152, 117, -705, 110, -80, -20, -400, -248, -39, -240, 42, 401, 664, 227, 977, 357, -283, 438, 496, 11, 98, 371, 229, 148, -54, -42, 73, -717, -336, -1064, -480, 67, 602, -570, -59, -215, -255, -269, -2, -58, 70, -96, -315, -469, -170, -129, -13, 211, 338, -162, -122, -35, -255, 851, -414, 314, 609, 173, 76, 572, -273, 176, 237, -244, -385, 79, 591, 400, -951, -1398, 2236, 1130, -2460, -2572, 2594, 3046, -2768, -3994, 2792, 4608, -1973, -4565, 732, 3447, -46, -2767, -1287, 1999, 1210, -216, -1469, -178, 880, 815, -826, -225, 589, -159, -1482, 1465, 1750, -1555, -2130, 1685, 4466, -1768, -4880, 1612, 5796, -1450, -5453, -489, 5200, 2758, -3717, -2616, 2730, 1919, -763, -2062, -1591, 1648, 2167, -1061, -3133, 13, 2865, 910, -2460, -2782, 882, 2910, -622, -3077, -925, 4188, 1898, -4112, -1311, 5953, 1946, -5644, -2754, 4906, 3612, -3433, -4441, 2227, 4461, 52, -4081, -2588, 2954, 3101, -1503, -4256, 910, 3712, 442, -2460, -686, 1911, 443, -1815, 156, 1953, -743, -2422, 302, 3106, -94, -2872, -1486, 1445, 1772, -658, -2496, -1312, 2692, 2629, -2345, -3044, 1393, 3057, -143, -2871, 301, 1991, 898, -167, -661, -164, 80, 589, -187, -906, 383, 591, -265, -540, 451, 248, -1163, -920, 560, 31, -502, -260, 565, 483, -280, -396, -107, 319, 101, -207, -405, 967, 717, 146, -657, 193, -101, -71, -119, -345, -281, 531, 1153, 15, -1158, -781, 825, 1456, -519, -2267, -279, 2594, 1124, -2486, -1396, 1673, 1945, -750, -1691, -140, 1211, 555, -490, -419, -394, -164, 622, 703, -592, -764, 162, 652, 297, -58, -602, -739, 418, 1123, 108, -1050, -907, 576, 1064, 91, -875, -603, 845, 1105, -137, -1052, -448, 737, 1078, -157, -1215, -197, 1139, 427, -1161, -136, 1127, -95, -1370, 167, 1552, -295, -1820, -201, 1558, 197, -1091, -875, 532, 1000, -67, -922, -70, 805, 344, -618, -468, 704, 283, -818, -276, 956, -110, -742, 14, 626, 73, -352, -181, 32, 140, 252, -51, -268, 8, 405, -51, -274, 40, 45, -152, -41, -50, -284, 264, 553, -604, -806, 925, 966, -745, -1108, 581, 965, -329, -849, -88, 533, 288, -298, -462, -267, 227, 328, -60, -370, -259, -116, 209, 252, 202, -219, -323, 367, 712, -27, -947, 5, 1076, 439, -926, -379, 694, 632, -315, -570, -58, 498, 408, -378, -418, 44, 655, -61, -876, -182, 885, 437, -887, -682, 666, 774, -540, -714, 322, 309, -277, -74, 451, -308, -403, 502, 570, -131, -806, 112, 722, 131, -770, -413, 407, 851, -73, -856, -208, 810, 570, -629, -515, 185, 361, 1, -81, 170, -57, -211, 159, 353, -459, -604, 288, 788, -297, -765, -6, 768, -388, -848, 46, 741, 9, -574, -291, 693, 405, -265, -710, 52, 662, -2, -698, -158, 740, 477, -885, -497, 711, 509, -285, -351, 276, 182, 165, -27, -133, -285, 95, 383, 3, -443, -463, 316, 672, -7, -786, -500, 684, 678, -469, -905, 435, 669, -435, -954, 474, 308, -656, -27, 572, 115, -660, 39, 553, -100, -490, 76, 216, 26, -51, -175, -298, 74, 342, 248, -303, -47, 223, 156, -157, -141, 185, -19, -239, -167, 280, -39, -518, -166, 638, 562, -706, -764, 740, 1037, -524, -1176, -50, 691, 229, -423, -431, 33, 592, 459, -375, -627, -38, 1109, 201, -708, -222, 497, 728, 17, -651, -636, 1029, 801, -653, -779, 323, 941, 53, -405, -353, 618, 100, -190, -156, 160, 78, -17, 222, 292, -294, -267, 289, 262, -296, 94, -15, -18, 277, 285, -185, -298, 168, 475, 241, -321, -425, 314, 398, -186, -375, 245, 67, -8, -43, 115, -55, -652, 40, 687, 143, -721, -126, 720, 154, -487, -423, 398, 210, 207, -315, -232, -61, 406, 265, -208, -383, -267, 189, 390, -31, -718, -279
1734621695.382, CatMsg_GetStatsRequest, 25865
1734621695.413, CatMsg_GetStatsConfirm, 25865, 2, 155, 413160, 372352000, 11636, 15, 339, 2543, 0
1734621695.476, CatFullScanInfo, 30413, 0, 2554783, 1, 24264, 1711.167, 78, 163, -9998, 31017, 32, 1, 0, 3, 672, 133, -119, 31, 61, -282, -39, -58, 123, -6, 10, 20, -84, 54, 32, -4, 43, 77, -111, -13, 46, -57, 66, -105, 127, -270, 48, -82, 157, 132, 113, 81, -104, 16, -43, -41, 56, 61, 281, 157, -92, -125, 65, -35, 51, 95, -81, 81, -69, -64, -64, -56, -137, 92, -78, 210, 44, -49, 18, -7, -80, 109, -103, 116, -60, 9, -125, 34, 82, 267, -145, -49, -58, 66, 49, 160, 15, 48, 2, -66, 139, 22, -74, -179, 516, 482, -997, -805, 1036, 1634, -1439, -2506, 1690, 3499, -1653, -4184, 1849, 5154, -1445, -4754, 692, 4100, 328, -2372, -1520, 1107, 1641, 133, -1763, -1175, 1220, 1026, -871, -761, 809, -294, -843, 1050, 1779, -1403, -3085, 2154, 4014, -1411, -5332, 741, 6067, 21, -6059, -1637, 5706, 2275, -4423, -3204, 2528, 3247, -694, -2484, -955, 1155, 2239, 188, -2807, -1182, 2890, 2635, -1751, -3141, 840, 3485, 403, -3542, -1829, 3599, 2276, -4134, -3496, 4418, 4191, -4785, -4269, 3391, 5074, -2061, -4959, -209, 4641, 2419, -3492, -3561, 2171, 4441, -290, -3959, -1023, 3053, 1714, -1986, -1481, 1035, 950, -459, 46, 510, -466, -1018, 1372, 1439, -908, -1842, -272, 1265, 952, -164, -1835, -1312, 2082, 2223, -1941, -2767, 1343, 3164, -818, -2395, 39, 1693, 635, -607, -836, -198, 512, 790, -367, -1009, 304, 863, -27, -821, 188, 404, 22, -36, 191, -41, -352, 117, 598, -133, -361, -163, 431, 118, -11, -309, -456, 136, 427, 143, -554, -513, 122, 661, 263, -474, -1039, 112, 1246, 544, -1540, -1158, 1187, 2068, -569, -2651, -802, 2496, 1724, -2187, -2050, 1198, 2346, -380, -1629, -170, 1084, 332, -496, -226, -157, -179, 284, 927, -182, -656, -172, 131, 527, 107, -605, -748, 176, 1306, 335, -1159, -748, 682, 1213, -153, -1093, -857, 458, 949, 142, -1053, -698, 559, 1131, 65, -1261, -281, 1346, 531, -1247, -236, 1270, 415, -1510, -229, 1797, 196, -1924, -680, 1769, 962, -1336, -1131, 865, 1186, -192, -889, -117, 735, 630, -626, -421, 711, 450, -770, -587, 789, 464, -793, -433, 478, 295, -382, -264, -178, 229, 272, 109, -660, 86, 995, 43, -878, 212, 820, -115, -722, -14, 552, 324, 28, -683, -513, 989, 813, -1133, -1198, 799, 1221, -523, -881, 107, 480, 198, -354, -226, -19, 84, -3, 31, -104, -147, -249, 89, 524, 180, -653, -468, 526, 837, -351, -1046, -262, 1140, 519, -838, -856, 669, 769, -349, -734, -154, 587, 585, -470, -690, 177, 713, -19, -708, -136, 567, 406, -440, -165, 402, 433, -209, -373, 189, 189, -353, 10, 378, -257, -646, 278, 963, -80, -1007, 5, 894, 334, -729, -680, 355, 870, -58, -883, -481, 648, 514, -396, -608, 67, 476, -194, -190, 60, 122, -222, 87, 347, -158, -456, 182, 624, -98, -712, 185, 623, 29, -679, -32, 507, 252, -302, -195, 444, 437, -364, -554, 207, 493, -34, -817, -241, 815, 204, -874, -438, 683, 491, -269, -403, 270, 334, 28, 42, -205, -352, 160, 369, 19, -478, -515, 163, 645, 134, -750, -502, 661, 884, -548, -1123, 347, 1025, -501, -809, 178, 716, -270, -84, 401, -69, -417, -9, 505, -228, -303, -11, 109, 71, 134, 134, -285, -295, 422, 237, -324, -380, 361, 367, -342, -208, 275, 363, -263, -432, 401, 441, -345, -612, 464, 973, -299, -1156, 260, 1090, 12, -918, -285, 582, 587, -358, -675, -299, 731, 552, -422, -969, 10, 935, 280, -750, -554, 310, 651, -247, -815, -247, 589, 329, -225, -734, 10, 657, 291, -577, -316, 327, 435, -7, -329, 64, 1, 46, 278, 195, -276, -325, 309, 288, -153, -189, 6, 165, 73, -31, -98, -137, -31, 406, 151, -408, -181, 444, 503, -284, -283, 248, 238, -141, -65, 332, -56, -568, -179, 636, 19, -826, -214, 475, 412, -454, -720, -178, 493, 262, -300, -423, 119, 405, 133, -104, -284, -341, 255, 643, -263, -628, 5, 633, 414, -429, -466, 60, 437, 75, -134, -184, 43, 161, 296, 165, -205, -355, 259, 432, -157, -305, 40, 216, 75, -219, -189, -22, 253, -141, -244, -263, 211, 61, 58, -365, 43, 287, 124, -346, 3
1734621695.694, CatFullScanInfo, 30414, 0, 2555001, 1, 23308, 2561.379, 114, 163, -9998, 31017, 32, 1, 0, 3, 672, 106, -87, 119, 97, 156, 114, -67, 157, 80, -85, -10, 94, -105, 61, 67, -16, -74, 118, -182, -126, -115, -1, -21, 58, -88, 79, -114, -29, -90, 85, -227, -44, 73, -9, 217, -92, 227, -23, 102, 2, 27, -170, 77, 73, 158, 7, -57, -40, 42, 79, -185, 53, -39, 97, -79, 210, 16, 224, -19, 14, 7, -36, 57, 43, 54, -38, 36, 14, 74, -40, 75, -64, -66, 45, 25, -64, 82, -70, -60, -29, 62, -28, 172, 45, 56, -51, -29, 70, 43, -222, -46, -17, 34, 17, 154, 44, -139, 60, 51, 128, -34, -38, 57, -114, -7, -58, 219, -35, -214, -142, 6, 203, 24, 22, 21, -98, 97, -69, -51, 252, 310, -315, -468, 699, 878, -733, -1490, 1189, 2307, -1362, -3328, 1771, 4159, -2503, -4668, 2766, 5240, -920, -4680, 438, 3545, 1035, -2063, -1679, 452, 1866, 694, -1570, -1186, 1143, 1363, -819, -856, 310, -244, -605, 1314, 1608, -1986, -3006, 1567, 4519, -759, -5604, 1285, 5832, -554, -5735, -1645, 5158, 2436, -4074, -3579, 2561, 3462, -824, -2203, -885, 1229, 1903, -599, -2340, -360, 2479, 1702, -1704, -2292, 920, 2894, 272, -3430, -1249, 3941, 2023, -4257, -3102, 4430, 3986, -4434, -4846, 4106, 5019, -2926, -4755, 297, 4904, 1878, -3798, -3622, 2430, 4491, -819, -4358, -868, 3353, 1898, -2061, -1658, 945, 1037, 81, -394, -339, -29, 389, 134, -781, 81, 1357, -287, -2083, 772, 2886, -1125, -3223, 955, 3229, -146, -2577, -210, 1960, 568, -689, -497, -448, 200, 1137, -98, -1000, -49, 937, -117, -914, 271, 1002, -469, -1249, 456, 1093, -240, -784, -197, 548, 700, -200, -749, -66, 745, 641, -679, -650, 473, 490, -496, -441, 492, 290, -304, -694, 52, 686, 191, -745, -612, 379, 1141, -3, -1292, -1207, 1376, 2042, -1106, -2688, -202, 2900, 1475, -2431, -1807, 1650, 2219, -525, -1872, -507, 1331, 841, -366, -607, 136, 308, 204, 463, -123, -503, -549, 205, 1057, 534, -1134, -953, 622, 1435, 49, -1488, -921, 779, 1092, 192, -1035, -684, 586, 978, -68, -823, -506, 526, 1092, 222, -1286, -472, 1279, 727, -1054, -680, 1051, 301, -1236, -114, 1571, -75, -1667, -474, 1428, 835, -985, -1119, 491, 1054, -42, -757, -393, 559, 369, -782, -420, 603, 494, -576, -255, 604, 322, -424, -439, 282, 243, 9, -85, -275, 146, 591, -129, -730, 67, 474, -95, -531, -64, 671, -243, -545, -56, 132, 501, -48, -575, -565, 957, 1040, -828, -948, 504, 1026, 57, -687, -146, 517, 358, -13, -478, -179, 316, 355, -113, -186, -194, -156, 240, 398, 79, -469, -468, 457, 642, 53, -759, -270, 901, 447, -469, -515, 312, 571, 75, -405, -341, 240, 657, -53, -701, -372, 749, 312, -801, -548, 505, 541, -229, -600, -64, 572, 127, -436, -282, -15, 243, 528, -117, -541, -98, 913, 527, -505, -860, 479, 754, 88, -748, -246, 408, 602, -200, -778, -220, 744, 654, -567, -595, 151, 665, -63, -389, 76, 307, -63, 163, 74, -188, -215, 453, 398, -409, -523, 435, 644, -113, -664, 67, 327, -82, -155, -132, 305, 130, -534, -545, 188, 659, -79, -787, -279, 806, 579, -877, -522, 857, 451, -501, -142, 283, 164, 101, 113, -86, -587, 92, 382, 451, -395, -482, 37, 671, 344, -853, -666, 618, 781, -358, -1027, 218, 1063, -165, -935, 157, 337, -205, -107, 520, -31, -367, 240, 510, -2, -527, 10, 163, 115, 96, -2, -278, -90, 391, -62, -396, -235, 404, 5, -416, -70, 451, 325, -580, -305, 630, 478, -690, -672, 576, 967, -573, -1099, 473, 1149, -136, -770, -353, 775, 582, -335, -842, -679, 537, -77, 53, -1034, 237, 934, 123, -729, -507, 214, 723, -132, -794, -529, 683, 1352, -411, -581, -503, 838, -125, -780, -343, 485, 357, -270, -536, 185, 265, -10, -11, -429, 53, 186, 821, 240, -56, -113, 15, 104, 38, 194, 83, -233, -318, 306, 337, -186, -1019, -748, 164, -33, -519, -63, 527, -55, -355, -14, 218, -159, -22, 459, 62, -467, 345, 1151, 143, -225, -300, -69, 188, 241, -163, -439, -10, 338, 158, -260, -381, -330, -164, -300, 379
1734621695.741, CatMsg_GetStatsRequest, 25866
1734621695.788, CatMsg_GetStatsConfirm, 25866, 2, 155, 413160, 372416000, 11638, 15, 339, 2543, 0
1734621695.912, CatFullScanInfo, 30415, 0, 2555219, 1, 22408, 145.7342, 114, 163, -9998, 31017, 32, 1, 0, 3, 672, 18, 213, -108, 225, 575, 92, 398, 1387, -65, -258, 56, 119, -10, 378, -23, -392, -104, 10, 148, 55, -612, 247, -1083, -755, 288, 43, 35, 21, -231, -326, 233, 190, 44, -57, 100, 19, 433, -205, 1623, 113, -247, -95, 131, -8, 453, -49, -442, -21, 15, -28, 17, -49, -285, 541, -1204, 955, 282, -300, -101, 169, -299, 133, 315, -327, -38, -48, 45, 104, 2, -657, 227, -1260, -60, 373, 7, 11, 10, -323, 127, 289, -26, 79, -80, 39, 629, 258, 763, 1177, -221, -297, 59, -2, 286, 157, -344, -94, 29, 329, 576, -302, -288, 183, -108, -103, -271, -24, 263, -243, -288, 304, 289, -223, -323, -185, -34, 518, 19, -395, 210, 181, 161, -476, -263, 740, 645, -1233, -1267, 1586, 2390, -1755, -3593, 1592, 4703, -1352, -5198, 1920, 5238, -988, -4850, 268, 3752, 788, -2251, -1704, 65, 1949, 1527, -1305, -2099, 693, 1447, -504, -1055, 69, -175, -755, 1228, 1468, -1746, -2979, 1934, 3848, -2379, -4663, 457, 5517, 559, -5600, -948, 4815, 2180, -3590, -2593, 2148, 2595, -162, -1562, -675, 1021, 1227, 72, -1922, -850, 2359, 1462, -1471, -2445, 626, 2903, 351, -3301, -1501, 3455, 2279, -4848, -2928, 4922, 3796, -4611, -4436, 3149, 5163, -3101, -5281, 631, 4737, 1709, -3400, -3247, 2364, 4548, -1235, -4332, -640, 3252, 1398, -1617, -2138, 1414, 1295, 55, -393, -1085, -229, -63, 228, -442, 824, 581, -1990, -1161, 2689, 2232, -3005, -2857, 4409, 3567, -3600, -3557, 2794, 4847, -1872, -3773, 585, 3143, 416, -1897, -1024, 41, 1190, 136, -2152, -998, 1460, 1233, -791, -1627, 853, 1557, -299, -1274, 98, 388, 92, 755, -176, 185, -181, 151, 537, -257, -793, -601, -299, 139, 554, -371, -976, 133, 727, 278, 384, -878, -215, 313, 1082, 697, -1391, -1130, 900, 1938, -950, -2643, -547, 2930, 1375, -2074, -1653, 1275, 2510, -516, -2224, -915, 896, 1242, 375, 86, -338, -9, 1219, 874, -347, -1379, -228, 617, 355, 436, -896, -470, 368, 789, -252, -1992, -484, 638, 936, -309, -1237, -155, 545, 1196, 81, -1179, -290, 459, 1690, 657, -1511, -542, 580, 780, -1044, -178, 1185, 119, -880, -532, 1649, 187, -1881, -798, 983, 1006, -521, -614, 921, 880, 226, -1058, -272, 350, -10, -572, -701, 860, 599, -66, -396, 164, 102, -1002, -310, 79, 61, 56, -481, 36, 472, 898, -214, -1065, 571, 738, -93, -1488, 649, 928, -216, -705, -63, 358, 669, 501, -1199, -1258, 705, 489, -1022, -1458, 480, 1112, -442, -662, -385, 376, 587, -55, -841, -356, 908, 1004, -289, 450, -200, 185, -342, 712, 439, -519, -430, -122, 784, 549, -661, -1192, 293, 729, 147, -907, 752, 861, 515, -842, -153, 520, 201, -136, -707, -185, 548, 850, -582, -925, -59, 134, -816, -1219, 94, 1007, -336, -487, 164, 563, 317, -112, 47, -717, 295, 931, 598, 189, -823, 512, 805, 317, -310, -711, 210, 565, 91, -687, -474, 233, 63, -795, -145, 56, 807, -361, 61, 219, -132, -1, 60, 359, -171, -488, 260, 693, -292, -691, 406, 703, -110, -781, 7, 346, 223, -303, 12, 399, 514, -294, -511, -1, 862, 76, -1069, -424, 945, 856, -693, -798, 536, 171, -534, -355, 174, 67, -111, 146, -136, -319, 240, 374, 39, -353, -510, 110, 381, 694, -972, -562, 636, 1106, -440, -1151, 280, 1158, -396, -1036, 335, 709, -260, -327, 635, 181, -152, 77, 491, 19, -352, -47, 173, 52, 243, -75, -409, -167, 405, 86, -752, -546, 194, 242, -536, -310, 234, 248, -331, -379, 337, 230, -481, -457, 349, 802, -486, -914, 544, 1095, -222, -1082, -226, 881, 369, -557, -585, -83, 684, 255, -468, -827, 5, 948, 137, -981, -538, 494, 1005, 16, -1005, -325, 749, 769, -598, -951, 115, 949, 215, -781, -383, 522, 408, -353, -388, 284, 165, -20, 160, 463, -289, -177, 373, 468, -61, -245, -122, -80, 177, 277, -17, -492, -80, 566, 373, -582, -686, 236, 852, -3, -806, -242, 574, 390, -445, -264, 133, -40, 65, 104, -185, -278, -96, 233, 161, -74, -124, -215, 25, 454, 251, -433, -450, 375, 676, -60, -639, -133, 562, 658, -192
1734621696.100, CatMsg_GetStatsRequest, 25867
1734621696.131, CatFullScanInfo, 30416, 0, 2555437, 1, 24328, 2435.988, 80, 163, -9998, 31017, 32, 1, 0, 3, 672, -176, -37, 102, -129, -211, -60, -251, 63, 14, -61, 11, 163, 13, -220, 28, -52, 57, -12, -48, 82, 15, -75, 90, -161, 40, 36, -186, 48, 72, 65, 146, -107, -89, 208, -30, -158, -14, 79, -63, 3, -129, -15, -11, -4, -61, -67, -36, 150, -90, -136, 118, 125, 29, 45, 70, 2, 91, 47, 29, -38, 31, 43, 54, -3, 228, 20, -51, -35, 18, 87, 25, 146, -83, 55, 154, 81, -101, 101, -148, -24, -6, 108, 29, -239, -76, 166, 126, -259, -423, 149, 717, -106, -1277, 281, 2043, 55, -3287, -304, 4467, 421, -5023, -852, 4715, 2075, -3898, -2250, 2854, 2119, -1271, -1896, -338, 1337, 1510, -759, -1905, 253, 1385, 244, -771, -200, 93, -740, 316, 2197, -481, -3592, -246, 5008, 1119, -5830, -2093, 5681, 2772, -5423, -4047, 3520, 3669, -2208, -2794, 712, 1686, 625, -80, -1517, -1522, 1656, 2641, -1436, -3186, 949, 3303, 577, -2671, -1314, 2370, 2036, -1622, -2838, 1038, 3800, -1112, -4564, 973, 5221, -1233, -5951, -1084, 6081, 1940, -5244, -3093, 4229, 4027, -2429, -4540, 23, 3906, 1753, -3122, -2710, 2114, 2982, -247, -2407, -364, 1390, 398, -582, -443, 22, 361, -9, -297, 142, 974, -578, -1824, 368, 2962, 58, -3582, -455, 3772, 1797, -3476, -2461, 2308, 2998, -1514, -2298, 492, 2047, 556, -1532, -1283, 911, 1668, -758, -1896, -10, 1958, 337, -1711, -552, 1329, 477, -911, -575, 268, 562, 163, -270, 13, 143, 379, 47, -514, -447, 135, 77, 86, -143, 101, 19, -244, -176, 112, 569, -261, -852, -442, 1344, 1435, -1217, -1808, 730, 2207, 157, -2291, -1351, 1467, 2254, -708, -2739, -314, 2402, 1086, -1786, -1537, 1126, 1223, -189, -567, -102, 50, 27, 459, 481, -246, -699, 106, 727, 951, -325, -1258, -580, 1485, 1049, -622, -2079, -64, 1823, 874, -1297, -1410, 659, 1480, 276, -991, -1045, 261, 1238, 436, -1237, -1050, 1295, 1066, -996, -985, 1254, 1023, -1522, -898, 1623, 1387, -1789, -1590, 1322, 1664, -925, -1618, -173, 1288, 356, -863, -900, 639, 998, -417, -999, 520, 1137, -511, -1114, 600, 1196, -31, -652, 98, 919, 62, -453, -417, 180, 901, -30, -1078, -70, 1180, 230, -1006, -439, 343, 327, -869, -423, 481, 474, 239, -581, -795, 640, 1348, -353, -1541, 89, 1324, 392, -755, -939, 395, 697, -18, -595, -311, 605, 332, -306, -359, 31, 115, -298, 65, 275, -71, -421, -59, 445, 411, -332, -647, 388, 719, -217, -792, -40, 629, 287, -365, -499, 236, 608, 7, -401, -125, 666, 310, -538, -526, 552, 649, -334, -859, 0, 574, 206, -642, -433, -8, 394, 171, 47, -354, -471, 501, 958, -315, -1071, 11, 1086, 543, -776, -497, 351, 939, -11, -538, -503, 431, 627, -71, -797, -104, 425, 114, -222, 12, 181, -325, -51, 453, 127, -766, -147, 881, 237, -1066, -405, 727, 542, -366, -529, 174, 784, -155, -507, 50, 550, 191, -581, -325, 697, 379, -695, -635, 381, 583, -365, -757, 47, 791, -20, -597, -145, 89, 255, 416, -146, -656, 94, 619, 357, -340, -558, 76, 629, 551, -611, -769, 550, 922, -463, -1246, 17, 1231, 100, -1014, -226, 580, 0, -464, 397, 317, -357, -226, 349, 291, -193, -187, 71, 20, 322, 56, -372, -402, 317, 421, -326, -727, -79, 709, -191, -727, 205, 462, -113, -484, -74, 817, -109, -544, -173, 922, 79, -794, -524, 637, 653, -690, -636, 254, 722, 218, -521, -606, 378, 659, 213, -696, -221, 679, 741, -502, -807, 185, 863, 284, -745, -712, 418, 858, -103, -844, -390, 709, 461, -384, -495, 235, 558, -12, -251, -84, -96, 137, -11, 44, -196, -382, 385, 312, -325, -342, 166, 143, -233, -204, 207, 193, -252, -327, 411, 266, -334, -430, 341, 461, -294, -498, 111, 177, -112, 102, 64, -233, 66, 328, 295, -405, -365, 110, 573, -124, -289, -95, 265, 300, 192, -631, -292, 317, 412, 96, -545, -370, 421, 503, -109, -386, -172, 199, 441, -40, -547, -40, 377, 211, -166, -158, 306, -51, -9, 428, -18, -315, -72, 538, 70, -437, -234, 345, 555, -154, -331, -30, 317, 224, -210, -205, 84, 213, -36
1734621696.162, CatMsg_GetStatsConfirm, 25867, 2, 155, 413160, 372480000, 11640, 15, 339, 2543, 0
1734621696.349, CatFullScanInfo, 30417, 0, 2555656, 1, 25216, 3203.909, 80, 163, -9998, 31017, 32, 1, 0, 3, 672, -1, 45, -124, 7, 100, 91, 48, -158, 10, -100, 46, -62, -21, 92, -86, 10, -23, -14, -66, 63, -70, -90, 90, -16, 44, -6, -67, -61, 18, 112, 77, 2, 56, -10, 145, -73, -159, 75, 6, -44, -79, 97, 34, -147, -92, -94, 112, 67, 104, -145, -113, -58, -57, 34, 60, -30, -5, -92, 36, -73, -9, -50, -121, 47, 20, 45, 8, -14, 128, 10, -64, 21, 55, 158, 23, 133, 27, -124, 18, 26, 120, 44, 17, -211, -46, 93, 94, -123, -229, 236, 603, -313, -1204, 116, 2089, 21, -3208, -150, 4160, 613, -4732, -896, 4857, 1187, -4055, -1957, 2550, 2199, -1072, -1775, -347, 1443, 1378, -799, -1704, 71, 1459, 418, -609, 42, 14, -967, -30, 2257, -148, -3579, -1120, 4588, 1260, -5339, -2502, 5240, 3130, -4370, -2897, 2768, 2020, -607, -970, -1274, -705, 2858, 2500, -3261, -3981, 3210, 4732, -1900, -4763, 506, 3966, 549, -2711, -1748, 1245, 2603, -253, -3443, -453, 3943, -157, -4511, 224, 5230, -216, -6190, 107, 6300, 1355, -5636, -3399, 4248, 4377, -2225, -4975, -311, 4172, 1751, -3076, -3212, 1738, 3284, -315, -2482, -709, 1218, 1022, -75, -772, -497, 158, 618, -141, -150, 655, -134, -954, 346, 2004, -112, -2517, -316, 2704, 709, -2153, -694, 1569, 497, -766, -159, 257, -88, 168, 85, -690, -32, 790, -117, -1103, 115, 1251, 42, -1209, -106, 906, 276, -512, -275, -135, 63, 477, 1, -494, -228, 184, 525, 273, -353, -365, -105, 614, 492, -230, -834, -95, 878, 371, -362, -527, -39, 35, 630, 668, -692, -1636, 453, 2015, 345, -2126, -1459, 1430, 2375, -829, -2489, -524, 2207, 1537, -1497, -1508, 495, 1297, 95, -458, -383, -161, 181, 582, 295, -380, -772, 109, 813, 845, -371, -1330, -181, 1539, 867, -1088, -1417, 310, 1621, 428, -1101, -1151, 470, 1082, 311, -915, -897, 117, 1088, 342, -1076, -976, 936, 1230, -886, -1240, 835, 1120, -1133, -1309, 1164, 1245, -1349, -1128, 906, 1307, -425, -1083, -35, 889, 553, -606, -712, 515, 924, -364, -1014, 539, 981, -625, -789, 625, 793, -363, -819, -253, 424, 460, -181, -802, -21, 1117, 412, -1038, -549, 866, 436, -897, -338, 880, 315, -751, -273, 369, 273, 157, -405, -709, 740, 1291, -563, -1525, 482, 1298, -27, -1072, -361, 576, 494, -276, -421, -304, 351, 274, -177, -438, 0, 22, -200, 128, 143, -131, -183, 134, 502, 33, -455, -431, 341, 484, -289, -488, 40, 488, 13, -375, -310, 1, 175, 9, -210, -221, 315, 390, -310, -662, 163, 680, 291, -431, -393, 350, 633, -288, -455, -147, 136, 492, 298, -357, -710, 299, 1044, -48, -1107, -568, 891, 732, -221, -846, -161, 716, 694, -383, -834, -103, 918, 271, -694, -450, 315, 509, -50, -153, -73, -32, 113, 345, 29, -613, -9, 685, 156, -608, -217, 514, 385, -447, -639, 311, 496, -350, -499, -54, 635, 156, -575, -472, 456, 366, -489, -673, 233, 776, 48, -644, -61, 612, 287, -262, -208, -270, 237, 457, -132, -539, 80, 439, 325, -205, -469, 49, 604, 444, -725, -777, 308, 972, -56, -889, -112, 922, 178, -840, -118, 723, -250, -541, 497, 483, -513, -368, 474, 476, -259, -370, -94, 148, 151, 35, -206, -199, 199, 447, -188, -496, -119, 381, 66, -318, -47, 357, -47, -593, 133, 578, -106, -898, 38, 943, 120, -1098, -270, 916, 588, -479, -616, 213, 830, 153, -587, -507, 449, 778, -124, -843, -267, 647, 586, -477, -693, -21, 637, 239, -488, -644, 289, 702, 120, -643, -173, 574, 306, -324, -372, 202, 217, -40, 67, 299, -270, -844, 279, 871, -286, -1099, 315, 1292, 141, -1044, -478, 505, 641, -180, -564, -376, 171, 573, 167, -280, -419, 44, 549, -19, -519, -272, 200, 141, -178, 189, 137, -287, -147, 506, 223, -650, -411, 650, 440, -364, -466, -268, 441, 558, -64, -930, -313, 319, 420, -110, -509, -201, 436, 343, -131, -317, -101, 333, 585, -54, -543, -19, 621, 209, -375, -325, 291, 139, -83, 118, 64, -341, 48, 418, 34, -424, -174, 175, 321, 25, -322, -97, 251, 228, -193, -397, 76, 355, 56
1734621696.458, CatMsg_GetStatsRequest, 25868
1734621696.568, CatMsg_GetStatsConfirm, 25868, 2, 155, 413160, 372512000, 11641, 15, 339, 2544, 0
1734621696.568, CatFullScanInfo, 30418, 0, 2555874, 0, 24052, 391.1528, 78, 163, -9998, 31017, 32, 1, 0, 3, 672, 90, -314, 20, -105, -6, 93, 49, 312, -504, 320, 20, -30, 200, -122, -548, 494, 284, -220, 172, 99, 20, 175, 70, 288, -68, 358, 82, -58, 236, -24, -347, 407, -32, -201, 118, 20, 89, 96, 227, 5, -294, 388, -20, -89, 284, -307, -61, 526, 188, -258, 9, -20, 270, 73, 280, -38, -60, 245, -19, -110, 384, -155, -108, 397, 89, -34, 63, -92, 78, 106, 82, -141, 93, 416, 85, -97, 205, -181, 354, 301, -241, -27, 118, 44, 313, -136, -100, -10, 775, -83, -1265, 174, 1956, -370, -2480, -198, 3886, 1004, -5023, -619, 4774, 1424, -4136, -1657, 2927, 1760, -864, -1844, -485, 1614, 1229, -530, -1669, 162, 1399, 406, -410, 75, 107, -973, 874, 1993, 315, -3454, -1023, 4885, 2017, -4851, -3523, 4410, 4092, -2807, -4102, 1084, 3978, 1306, -3113, -4088, 1554, 5489, -90, -5816, -994, 5481, 3797, -3216, -3788, 1576, 4171, 726, -3081, -2743, 2247, 3647, -431, -4880, 57, 5265, -148, -5446, -416, 5737, 69, -6002, 825, 5427, 511, -5267, -1979, 3890, 3575, -1869, -4093, -46, 4222, 1589, -2869, -3250, 2186, 3152, -529, -2913, -559, 1470, 753, -524, -831, -392, 639, 477, 63, -387, 480, 138, -1011, 98, 1783, -173, -2029, -689, 2166, 1340, -1526, -1626, 788, 1367, 290, -1009, -1303, 384, 1785, 165, -1894, -910, 2033, 1132, -1722, -1155, 1553, 686, -1057, -943, 886, 833, -549, -812, 72, 569, 318, -559, -3, 250, 118, -123, 235, 40, 206, -623, 84, 346, 165, -227, -22, -11, 147, 140, 386, -879, -660, 1105, 1468, -778, -1968, 214, 2391, 697, -2047, -1670, 1578, 2276, -842, -2526, -206, 1940, 1157, -1294, -1280, 420, 1008, 18, -562, -190, 139, 185, 370, 77, -650, -457, 254, 309, 714, -188, -1156, -700, 1052, 858, -707, -1479, 180, 1554, 468, -1127, -1165, 329, 771, 510, -316, -1292, -73, 1431, 509, -1270, -1202, 1360, 1047, -1082, -1402, 1139, 1393, -1272, -1676, 1536, 1428, -1647, -1362, 1121, 1541, -568, -1334, -187, 1092, 736, -919, -802, 490, 941, -748, -416, 556, 171, -317, -385, 532, 554, -520, -271, 280, 411, -415, -160, -228, -16, 49, 284, -830, -266, 942, 41, -728, 64, 784, -114, -673, 255, 74, 375, 170, -276, -748, 491, 861, -432, -1153, -83, 1114, 428, -471, -738, 524, 668, -155, -469, -201, 430, 333, 65, -562, 219, 306, -60, -35, 167, 300, -368, -261, 787, 375, -599, -766, 267, 847, -124, -846, -328, 488, 351, -233, -166, -385, 480, 318, 80, -392, -59, 430, -83, -179, -152, -264, 106, -91, 17, 142, 140, -320, 216, 35, 77, 66, 379, -201, -474, 155, 987, -280, -804, -424, 902, 733, -485, -1072, 379, 1205, 548, -1195, -593, 572, 932, -15, -993, -657, 880, 833, -290, -344, 130, 71, 283, 252, -17, -301, 32, 383, 224, -538, -362, 108, 609, -328, -609, 316, 476, -107, -408, 228, 475, -127, -322, -184, 498, 420, -346, -783, 576, 922, -34, -757, -182, 728, 487, -549, -604, 424, 621, 303, -815, -269, 36, 352, 414, -331, -962, -92, 957, 309, -687, -749, 442, 1166, -228, -924, -270, 829, 237, -784, 90, 359, -304, -447, 416, 405, -484, -650, 565, 843, -466, -747, -136, 515, 176, 169, -474, -433, 375, 459, -294, -708, 274, 341, -154, -253, -198, 177, -133, -396, -47, 822, -174, -1007, 123, 1116, 38, -985, -289, 506, 496, -447, -993, -58, 520, 249, -745, -356, 402, 254, 136, -631, -256, 654, 580, -778, -473, 462, 401, -355, -429, -386, 241, 583, -254, -1080, 157, 722, 184, -467, -376, 313, 132, -286, -68, 296, -275, -573, 238, 641, -199, -804, -74, 703, 289, -506, -487, 195, 546, 194, -590, -399, 169, 427, 146, -331, -386, 146, 779, 127, -502, -223, 255, 132, -175, 40, 232, -233, -140, 563, 363, -499, -398, 162, 626, 110, -584, -267, 214, 449, 167, -542, -373, 197, 609, 27, -393, -321, 258, 471, -21, -358, -188, 303, 414, -155, -402, 6, 335, 1, -258, 82, 48, -257, 30, 636, -114, -688, -160, 593, 284, -550, -410, 314, 487, -130, -446, -92, 383, 292, -398, -316, 345, 342, -6, -209, -118
1734621696.786, CatFullScanInfo, 30419, 0, 2556092, 1, 26204, 358.1637, 82, 163, -9998, 31017, 32, 1, 0, 3, 672, -563, -445, -103, -47, 147, -211, 96, -108, 288, -84, 78, 178, 516, 41, 150, 23, 706, -68, 173, 80, 25, 177, -151, 273, -97, 252, -26, -130, -504, 210, -71, 174, -523, 509, -96, -36, -190, -3, -171, -164, -369, -367, 61, 22, 133, -486, -33, -170, 41, -617, 69, 86, 219, -256, 209, 63, 434, -2, 4, 107, 208, 332, -19, 115, 545, 269, -35, -20, 135, 244, -2, 53, -411, 465, -154, -104, -491, -117, -251, 42, -530, 276, -216, 78, -226, -207, -154, -179, -36, -592, -362, -35, 981, -89, -1214, -132, 1952, 423, -2804, -870, 3179, 2193, -4008, -2328, 4074, 2383, -3511, -2441, 1956, 2349, -655, -1936, -706, 1335, 1525, -485, -1600, -455, 1339, 464, -759, -23, 195, -903, 19, 2034, 937, -3428, -1330, 4413, 2770, -4730, -4367, 3855, 4701, -3083, -4564, 1262, 3919, 791, -2910, -2580, 1426, 3920, 33, -4025, -1531, 3457, 2863, -2058, -3084, 910, 2832, 465, -2707, -1380, 1961, 2362, -1425, -3454, 1264, 4155, -462, -5316, -614, 6236, 762, -6556, -1318, 6038, 2587, -5178, -3929, 3373, 4576, -1150, -3947, -515, 3367, 2060, -1873, -2949, 650, 2693, 364, -1615, -778, 596, 755, 483, -194, -866, -563, 850, 142, -752, 112, 507, -959, -642, 1680, 1085, -2107, -1504, 2019, 1812, -1098, -1859, 239, 1727, 402, -1137, -1333, 568, 1568, 311, -1635, -783, 1785, 939, -1885, -963, 1664, 1144, -1359, -1371, 1319, 1148, -418, -1180, -439, 910, 987, -546, -1339, 15, 1081, 184, -743, -435, 245, 397, 95, -71, -167, 10, 21, -3, 4, 146, 267, -510, -748, 854, 1168, -658, -1616, 63, 1861, 493, -1817, -1343, 955, 2458, 106, -2612, -1010, 2159, 1446, -1461, -1542, 521, 1066, 266, -357, -506, -346, 246, 603, 352, -697, -718, 326, 728, 523, -301, -902, -284, 716, 1048, -545, -1437, -322, 1388, 809, -780, -1024, 44, 877, 568, -387, -1061, -315, 1109, 1000, -731, -1313, 714, 1458, -507, -1513, 704, 1414, -860, -1448, 967, 1422, -846, -1849, 588, 1659, 210, -1387, -628, 896, 1142, -495, -1294, 250, 1297, -3, -1099, -111, 827, -106, -819, -118, 648, -227, -336, -82, 305, 219, -41, -508, -63, 727, 152, -883, -209, 1056, 250, -902, -283, 990, 83, -691, -49, 323, 136, 184, -73, -738, -74, 1150, 161, -1264, -371, 771, 637, -272, -446, -52, 289, 318, -241, -423, 16, 481, 271, -154, 24, -147, -237, 71, 571, -121, -664, -86, 707, 580, -709, -933, 215, 761, -144, -817, -112, 746, 304, -118, -476, 102, 397, -86, -444, -279, 436, 515, -234, -456, 240, 659, -65, -680, -196, 478, 698, -242, -476, 281, 266, -20, -11, -58, -293, -86, 842, 261, -876, -538, 964, 1058, -367, -1008, 18, 696, 365, -509, -805, -212, 673, 441, -637, -769, 304, 504, -237, -323, -176, 30, 275, 318, -87, -493, -157, 685, 242, -591, -350, 605, 477, -377, -531, 454, 569, -195, -447, 214, 436, -69, -573, -390, 370, 486, -469, -794, 36, 915, 102, -905, -182, 779, 445, -524, -336, 211, 155, -80, -84, -292, -48, 55, 178, 73, -339, -217, 363, 310, -269, -802, 106, 660, 128, -543, -310, 809, 256, -679, -217, 528, 5, -552, 280, 507, -435, -307, 378, 516, -321, -210, 350, 123, 69, 175, -81, -451, 251, 412, -187, -483, 216, 563, -126, -627, 168, 492, -146, -633, 71, 667, -98, -787, -403, 1055, 162, -804, -628, 700, 928, -434, -965, 74, 799, 395, -654, -502, 349, 733, 136, -854, -471, 674, 706, -388, -725, 7, 635, 334, -504, -677, 227, 889, 166, -930, -513, 823, 804, -525, -978, 108, 941, 84, -755, 31, 426, -45, -174, 86, 5, -205, 111, 241, 0, -203, -15, -9, -8, 171, 33, -260, -270, 281, 389, -79, -691, -46, 415, 335, -546, -332, 268, 336, -130, -102, 231, -89, -186, 177, 355, -100, -493, 136, 513, 260, -377, -639, 99, 586, 258, -547, -471, 223, 592, -103, -511, -289, 305, 460, -22, -155, -247, 86, 254, 254, -387, -121, 286, 164, -272, -8, 134, -113, -126, 81, 169, -303, -335, 281, 402, -216, -421, 104, 313, 202, -333, -316, 157, 137, -33, -261, -100
1734621696.817, CatMsg_GetStatsRequest, 25869
1734621696.880, CatMsg_GetStatsConfirm, 25869, 2, 155, 413160, 372576000, 11643, 15, 339, 2544, 0
1734621697.004, CatFullScanInfo, 30420, 0, 2556310, 1, 23428, 2159.833, 80, 163, -9998, 31017, 32, 1, 0, 3, 672, 207, -26, -10, 83, -185, -77, -87, -2, -47, 25, -120, 62, -34, -44, 84, -126, -86, 32, -49, 120, 147, -25, -58, 68, 34, 50, 23, -2, 12, 106, 30, 44, 174, -153, -57, 46, -61, 42, 45, -169, 129, -17, 20, 74, -12, 81, -60, -199, 24, 121, 13, -17, -141, 141, 183, 108, 118, 80, 85, 8, 67, -61, 28, 190, -167, 14, -28, -127, -10, -89, -139, -111, -67, 186, -44, -59, 43, 33, -111, 125, 0, 3, -71, 74, 67, 120, 288, -160, -291, 60, 750, -174, -1210, 106, 1908, 193, -3051, -578, 3771, 1242, -4614, -1373, 4627, 1430, -4000, -1628, 2494, 2005, -845, -1998, -448, 1216, 1370, -652, -1675, 110, 1493, 196, -743, 245, 122, -837, -35, 2226, 680, -3489, -1625, 4595, 2752, -4996, -3955, 4838, 4825, -4407, -5462, 2836, 5663, -1219, -5763, -1143, 4548, 3308, -3375, -4345, 1935, 4179, -455, -3760, -552, 2658, 1376, -1448, -1613, 107, 1762, 1229, -1581, -2619, 987, 3809, -981, -4544, 633, 5358, -358, -5858, -552, 5673, 1190, -4830, -2833, 3404, 3872, -1115, -3840, -1013, 3084, 2230, -2109, -2882, 800, 2800, 143, -2433, -559, 1381, 977, -613, -815, -46, 621, -35, -804, 483, 1310, -670, -1940, 673, 2536, -118, -3063, -609, 2772, 1245, -2059, -1429, 1362, 1497, -312, -1052, -351, 279, 731, 109, -765, -734, 1187, 1082, -1285, -1337, 1110, 1414, -1351, -1475, 835, 1951, -311, -2021, -565, 1791, 1446, -1110, -2029, 535, 1921, 355, -1489, -600, 1044, 620, -483, -570, 62, 367, 151, -217, -350, 373, 500, -526, -848, 660, 1123, -541, -1930, 318, 2070, 641, -2272, -1338, 1474, 2184, -611, -2689, -238, 2785, 1213, -2178, -1415, 1179, 1263, -566, -740, -114, 197, -134, 125, 276, 5, -499, -480, 575, 745, -82, -1202, -394, 1190, 1058, -639, -1372, -91, 1522, 752, -859, -1401, 8, 1315, 340, -690, -913, 167, 1230, 812, -1055, -1314, 953, 1424, -959, -1562, 1078, 1657, -1023, -1637, 1388, 1609, -1421, -1758, 846, 1577, -473, -1374, -120, 999, 295, -787, -830, 329, 1088, -181, -1020, 228, 1011, -303, -934, 272, 812, 1, -762, 81, 582, 369, -234, -483, -266, 523, 423, -587, -445, 542, 459, -551, -381, 750, 288, -622, -236, 4, 226, 353, -221, -520, 528, 1082, -346, -1115, -224, 944, 339, -563, -513, 167, 654, 226, -449, -601, 270, 562, -117, -370, 29, 488, 111, 177, 181, 39, -390, -85, 407, 285, -441, -471, 559, 540, -275, -537, -121, 331, 361, -277, -179, 86, 86, 175, -147, -365, 290, 203, -182, -496, 132, 739, 201, -829, -525, 477, 589, -245, -554, -109, 344, 378, -122, -131, -396, 286, 820, -44, -1129, -143, 997, 845, -674, -975, 107, 1068, 338, -644, -711, 286, 1065, 111, -1055, -233, 851, 157, -379, -632, 428, 188, -364, 36, 288, -279, -374, 471, 304, -475, -367, 262, 422, -174, -519, 292, 93, -128, -320, -70, 386, 149, -347, 43, 477, 203, -597, -678, 328, 898, -22, -947, 154, 1047, -19, -848, -128, 788, 183, -144, -305, 118, 116, 72, 253, 171, -606, -250, 263, 378, -374, -750, 219, 924, 51, -949, -291, 574, 276, -686, -176, 504, 26, -443, 522, 429, -751, -372, 474, 526, -510, -475, 310, 299, -118, 130, -143, -156, -9, 119, 24, -190, 133, 408, 3, -349, -76, 350, -173, -526, 225, 573, -48, -858, 162, 1034, 16, -1247, -350, 1053, 600, -834, -701, 228, 875, 138, -885, -476, 632, 760, -325, -639, 55, 534, 154, -311, -346, -15, 241, 429, -293, -527, 194, 699, 178, -691, -361, 678, 586, -356, -654, 216, 379, -23, -486, -102, 101, -163, 99, 208, -214, -218, 24, 440, -4, -344, -89, 110, 258, 211, -59, 71, -245, 234, 226, -139, -565, -171, 671, 84, -354, -191, 437, -99, -231, 223, 335, -393, -238, 540, 545, -327, -473, -12, 366, 224, -580, -542, 44, 559, 194, -530, -667, 183, 524, 171, -609, -621, 249, 689, 87, -504, -234, 557, 358, -61, -507, 7, 388, 129, -251, -24, 252, 154, 13, 140, 66, -334, -12, 342, 291, -176, -384, -29, 489, 113, -421, -339, 161, 404, -122, -379, -89, 349, 134
1734621697.176, CatMsg_GetStatsRequest, 25870
1734621697.223, CatFullScanInfo, 30421, 0, 2556529, 1, 25372, 3954.001, 80, 163, -9998, 31017, 32, 1, 0, 3, 672, 65, -139, -1, -39, -76, -20, -77, -47, 6, -81, 58, -71, 69, -40, 51, 107, -80, 21, -103, 162, 69, -132, 168, 15, -75, 68, 91, 25, 11, 257, 113, -38, 17, 53, -105, -92, -77, -34, -93, 22, 108, -42, 34, -61, -86, -47, -86, 46, -21, 100, 145, 28, -50, -139, -2, 9, -44, 40, -64, -66, 143, -58, -41, 50, 26, -116, -36, -25, -76, -25, -12, 83, 83, -45, -11, -94, 29, 15, -51, 28, 55, 56, 108, -56, -77, 84, 133, -131, -397, 187, 791, -119, -1199, -164, 2008, 354, -3128, -815, 4270, 826, -4816, -1366, 4630, 2415, -4114, -2513, 2700, 2875, -1315, -2842, -45, 2253, 1391, -1437, -1791, 880, 1576, -507, -1333, 488, 724, -956, -637, 1974, 931, -3127, -1312, 4141, 2578, -4523, -2907, 5000, 4206, -4105, -4922, 2912, 5101, -1440, -4941, -401, 4213, 1990, -3166, -2823, 1307, 3338, -72, -3049, -1659, 2323, 2740, -1249, -3267, -207, 3194, 1751, -2906, -3169, 2613, 4743, -1351, -5733, 1505, 6099, -504, -6341, -648, 6267, 1681, -5159, -3076, 3280, 3670, -1552, -3828, 34, 3224, 1621, -2571, -2122, 1612, 2357, -732, -1859, 379, 1264, -333, -684, 430, 244, -496, -387, 97, 529, 685, -751, -1611, 423, 2442, -269, -2867, -139, 3004, 376, -2656, -856, 1965, 857, -1519, -342, 1201, -112, -1056, 584, 1257, -799, -1232, 781, 1123, -663, -1073, 34, 832, 552, -557, -854, 122, 1381, 245, -1231, -567, 1308, 858, -1238, -781, 975, 968, -667, -706, 244, 521, 39, -6, -24, -176, -301, -102, 539, 411, -688, -1035, 729, 1603, -224, -2073, -506, 1998, 1407, -1481, -2252, 509, 2780, 811, -2694, -1168, 2301, 1498, -1485, -1576, 476, 1198, 81, -323, -271, -271, 37, 614, 384, -413, -850, 0, 864, 668, -460, -1171, -491, 1239, 1214, -625, -1693, -273, 1565, 995, -1006, -1455, 103, 1366, 524, -622, -1316, 86, 1471, 587, -1427, -1254, 938, 1490, -892, -1640, 881, 1623, -1088, -1579, 1355, 1811, -1108, -1883, 829, 1860, -533, -1411, -254, 1087, 511, -633, -904, 196, 801, -165, -760, 114, 595, -116, -500, 346, 775, -272, -710, 88, 845, 227, -596, -425, 512, 692, -151, -915, -161, 810, 341, -907, -283, 736, 439, -427, -522, 129, 564, 315, -542, -912, 390, 1102, -150, -1334, 69, 1118, 159, -790, -331, 293, 236, -88, -303, -169, 141, 205, -67, -90, 98, 102, -346, 182, 635, 158, -757, -518, 816, 741, -876, -829, 752, 934, -358, -898, -128, 818, 134, -539, -417, 333, 489, -233, -637, -52, 796, 365, -735, -610, 443, 917, -305, -993, 134, 1038, 131, -817, -352, 604, 384, -287, -73, 242, -38, -404, 593, 388, -632, -592, 668, 644, -136, -818, -370, 573, 858, -417, -1043, 41, 1125, 348, -1092, -507, 767, 543, -673, -440, 327, 409, -131, -13, 7, -187, -7, 512, 86, -514, -263, 419, 200, -461, -425, 146, 576, -205, -619, -118, 443, 175, -545, -396, 613, 647, -390, -762, 184, 722, -209, -710, -4, 807, 33, -452, -368, 117, 355, 172, -63, -375, 138, 382, -14, -210, -192, -481, 804, 426, -148, -749, 233, 917, 42, -930, -336, 704, 372, -551, -146, 465, 0, -446, -214, 338, -780, -449, 849, 705, -728, -391, 606, 370, -415, -300, 51, -126, 33, 599, 281, -330, 38, 316, -11, -338, 43, 247, -114, -240, 76, 518, -295, -614, 75, 107, 252, -864, -256, 873, 394, -684, -857, 142, 811, 35, -538, -520, 286, 536, 142, -66, -1124, 382, 816, 108, -778, -337, 648, 634, -402, -894, -92, 846, 353, -682, -726, 698, 1548, 354, -706, -82, 848, 157, -380, -508, 369, 502, -29, 65, 188, -402, 176, 178, -757, -806, -102, -85, 184, 14, -383, -228, -210, -44, 608, -443, -889, -41, 876, 894, -450, -122, 65, 573, -609, 24, 429, -5, -51, 217, 20, 133, -205, -38, 390, -638, 74, -85, 595, 328, 505, -681, -461, 158, 685, 570, -253, -823, 461, 933, -166, -438, -884, -43, 85, -482, -420, 223, 116, 181, -177, -623, 126, 147, -457, 346, 150, -13, 366, 616, 137, -133, -639, 241, 921, 82, -480, -185, 300, 710, -18, -489, 164, -282, -98
1734621697.254, CatMsg_GetStatsConfirm, 25870, 2, 155, 413160, 372640000, 11645, 15, 339, 2544, 0
1734621697.441, CatFullScanInfo, 30422, 0, 2556747, 8, 26908, 119.5124, 81, 163, -9998, 31017, 32, 1, 0, 3, 672, -146, -314, -78, 707, -166, -70, 58, -326, -185, 532, -64, 1485, -46, 436, -467, -427, 183, -151, -298, -801, 305, 119, 55, 294, 21, -302, -617, -1134, -361, -482, 525, -86, -94, -85, 602, 808, -237, 120, -156, -220, 331, 200, 1114, 686, 397, 65, -517, 286, 188, -96, -949, -251, 195, -195, 391, 123, -445, -18, -1524, 76, -521, 194, 267, -413, -28, 246, 906, -369, 111, 149, -171, -69, 377, -400, 1168, -676, 345, -371, 52, 581, -19, -186, -369, 801, -77, -195, -78, 85, 482, -53, -935, 1619, 1831, -218, -2880, -170, 3522, 376, -4276, -171, 3523, 809, -4518, -2275, 3508, 2776, -1772, -1947, 1149, 2138, -136, -2250, -926, 945, 1019, -932, -48, 770, 1214, -1234, -1224, 1671, -287, -3364, -1254, 4370, 1154, -4603, -1338, 5423, 1959, -4265, -2930, 4112, 1949, -2261, -1651, 1575, 3097, -924, -2307, -220, 1781, -793, -2763, 139, 1685, -235, -1292, -884, 1557, -328, -868, 176, -1445, -234, 2051, 2154, -2493, -3094, 3022, 4390, -1975, -5425, 861, 6721, 1076, -4843, -2612, 3063, 3920, -2269, -4359, -532, 3000, 1950, -2498, -2183, 1075, 2583, -1420, -2304, -187, 828, 232, -45, 612, 1083, -78, -948, 104, 945, 420, -1206, -1262, 779, 2455, -881, -3325, 299, 3417, -458, -3000, -1017, 1328, 783, -868, -39, 644, 151, -24, 366, -385, 38, 809, -273, -960, 1431, 1983, -510, -1238, 372, 1258, -495, -1510, 277, 1036, -801, -675, 127, 358, 344, -1074, -1226, -387, 1062, 63, -482, -195, 595, 399, -841, -174, 394, 356, 646, -268, -1368, 907, 1649, 1336, -1586, -1461, 96, 1420, 715, -1013, -1037, 191, 2116, -704, -2399, 188, 2484, -419, -1422, -1096, 1457, 1186, 203, 18, -751, -528, 545, 770, -762, -3, 233, -480, 24, 760, -792, -1666, -820, 829, 662, -880, -595, 331, 1138, 519, -1627, -1599, -317, 1367, 854, -930, -929, 491, 1276, 241, -1338, -752, 1313, 1050, -958, -755, 1823, 1858, -1147, -1812, 1290, 1361, -1704, -1366, 1356, 1397, -894, -1295, 341, 920, 208, -1300, -1052, -299, 1366, 369, -1124, 47, 1161, -10, -1040, 61, 793, -15, -622, -243, 452, 903, 80, 63, -733, -263, 613, -470, -368, 591, 292, -810, -135, 731, -14, -595, -232, 91, 482, -107, 331, -74, 151, 838, -785, -945, 537, 1132, -402, -725, 177, 797, 203, -301, -543, -9, -323, -206, -63, 395, 601, -350, -573, 253, 769, -121, -581, -205, 591, 457, -511, -621, 357, 547, -173, -410, 302, 327, -102, -207, -50, 193, 180, -202, -270, 177, 349, -149, -519, -313, 637, 512, -309, -717, 198, 820, 55, -525, -306, 240, 242, -99, 187, -133, -412, 164, 587, 175, -1001, -553, 986, 555, -597, -664, 357, 716, 370, -441, -660, -2, 793, 187, -682, -614, 428, 703, -175, -471, -88, 250, 67, 100, 31, -310, -185, 553, 149, -678, -263, 603, 233, -461, -605, 344, 662, -189, -664, 18, 736, 97, -527, -122, 708, 155, -557, -635, 469, 810, -439, -908, 374, 994, -81, -788, 156, 472, -12, -472, 37, 13, -137, -138, 283, 275, -325, -350, 313, 806, -208, -1062, -50, 1111, 195, -899, -502, 938, 595, -509, -339, 369, -48, -330, 399, 348, -525, -114, 520, 276, -351, -130, 209, -95, -119, 321, 36, -432, 24, 443, 32, -461, -306, 80, 127, -56, 46, 52, -109, -394, 384, 533, -545, -1079, 451, 1155, -186, -1068, -392, 1294, 408, -828, -732, 339, 674, 206, -752, -530, 326, 925, 183, -830, -739, 333, 1141, -383, -955, -111, 1001, 694, -667, -1003, 276, 1195, 195, -1380, -648, 949, 887, -717, -878, 184, 613, 28, -380, -62, 164, 35, 20, 96, -302, -241, 198, 230, -80, -58, -133, -308, 244, 306, -176, -507, 15, 408, 235, -242, -313, 94, 373, 337, -249, -258, 344, 230, -158, 87, 260, -362, -245, 248, 555, -444, -610, 254, 723, -117, -471, -314, 155, 555, 106, -697, -340, 345, 725, -62, -559, -161, 612, 412, -245, -427, -135, 264, 392, -223, -389, 56, 384, 59, -416, -105, 168, -76, -364, 209, 143, -240, -230, 326, 381, -316, -343, 227, 616, 111, -600, -175, 543, 338, -337, -503, -6, 576, 129, -412, -283
1734621697.535, CatMsg_GetStatsRequest, 25871
1734621697.597, CatMsg_GetStatsConfirm, 25871, 2, 154, 413160, 372672000, 11646, 15, 339, 2545, 0
1734621697.660, CatFullScanInfo, 30423, 0, 2556965, 2, 26832, 3910.592, 87, 163, -9998, 31017, 32, 1, 0, 3, 672, -158, 71, 25, 27, 95, 23, 180, 110, -102, 91, -12, 53, 45, -101, -97, 2, 116, -39, -51, -2, -41, -2, -122, -22, -17, 4, 141, 7, -45, 25, 9, 47, -76, -75, 42, 84, -16, -238, -14, -45, -24, -50, -74, 101, -127, 47, 54, -70, -86, 4, 30, -131, -72, 14, -10, 13, -38, -119, 94, -14, -74, -44, 120, 27, 76, -30, 88, 95, 81, 5, 72, -134, 129, 38, 39, 27, -16, -5, -13, 95, 1, 126, -35, -20, -121, 78, 270, -18, -485, 174, 746, -50, -1032, -408, 1313, 468, -1254, -1101, 807, 1449, -232, -2093, -1085, 1808, 2021, -1494, -2728, 1035, 3032, 270, -2924, -1497, 2176, 2102, -1253, -2285, 531, 2468, 522, -2371, -797, 2523, 424, -2998, -655, 3264, 1302, -3994, -1866, 4268, 2389, -3682, -3019, 2668, 3622, -217, -3633, -1692, 3227, 3482, -1750, -4383, -197, 4430, 2112, -3418, -3129, 1908, 3467, -212, -2587, -1536, 2412, 2222, -2116, -3059, 1973, 3798, -1917, -4915, 1568, 5853, -1419, -6459, 347, 6707, 2110, -6152, -3130, 4920, 4359, -2815, -4813, 363, 4127, 1743, -2997, -2945, 1705, 2919, -723, -2543, -355, 1571, 72, -976, -112, 582, -109, -678, -147, 734, 1009, -1197, -1901, 839, 2580, -332, -3083, -239, 2876, 724, -2360, -1150, 1434, 1307, -852, -755, 161, 569, 197, -142, -142, 228, 331, -214, -626, 409, 848, -223, -1109, 12, 1098, 221, -995, -633, 801, 719, -453, -988, 358, 648, -132, -632, -133, 503, 199, -369, -391, 118, 364, 255, -230, -507, 145, 931, 285, -1219, -812, 1218, 1837, -660, -2043, -164, 2150, 1256, -1940, -1987, 1203, 3016, -306, -3123, -519, 2725, 976, -1811, -1366, 740, 1175, 112, -406, -601, 10, 603, 339, -306, -230, -120, -249, 462, 875, -383, -1467, -275, 1673, 981, -1488, -1431, 610, 1586, 424, -1206, -916, 452, 1358, 468, -1009, -1114, 377, 1276, 388, -1273, -757, 1037, 1176, -659, -1311, 1028, 966, -1242, -985, 1621, 1059, -1796, -1519, 1459, 1745, -1116, -1819, 688, 1807, 190, -1530, -625, 1457, 727, -928, -1072, 543, 1005, -316, -1089, 39, 890, -253, -607, -55, 236, 390, -145, -567, -25, 758, 223, -888, -346, 959, 544, -887, -537, 1049, 338, -873, -469, 838, 340, -533, -675, 130, 750, 346, -780, -593, 626, 530, -448, -297, 280, 4, -265, 32, 225, 32, -43, -41, 176, 277, -132, -548, -290, 839, 513, -817, -595, 463, 975, 8, -1080, -472, 753, 595, -447, -808, 234, 795, -123, -811, -305, 382, 414, -264, -625, 26, 624, 469, -745, -632, 356, 797, -404, -904, 104, 969, 233, -696, -460, 291, 640, -301, -310, -29, 82, 158, 283, -121, -514, -13, 513, 257, -496, -436, 193, 529, 200, -152, -455, -150, 691, 235, -686, -355, 621, 232, -502, -24, 249, 127, -154, 245, 220, -398, -353, 682, 460, -480, -437, 463, 526, -467, -612, 206, 631, 113, -680, -299, 626, 413, -577, -712, 548, 672, -375, -976, 132, 1052, 33, -1093, -177, 865, 574, -402, -715, 66, 595, 234, -459, -704, 145, 769, 404, -311, -443, 66, 871, 401, -595, -912, 311, 1000, 65, -1033, -186, 961, 440, -538, -347, 436, 115, -470, 74, 556, -431, -461, 352, 532, -207, -518, -14, 413, 20, 31, -285, -130, 217, 437, -147, -759, 79, 643, 54, -431, -27, 408, -76, -439, 359, 421, -457, -1026, 352, 1223, -224, -1272, -83, 1261, 444, -940, -740, 654, 807, 11, -840, -374, 352, 706, 278, -540, -428, 156, 953, -84, -1025, -396, 864, 471, -564, -758, 99, 798, 146, -661, -449, 423, 666, -186, -749, 47, 415, 111, -274, 188, -14, -199, -13, 485, -40, -498, -116, 499, 202, -311, -254, -13, 158, 52, -188, -67, -28, 6, 287, 0, -162, -95, 324, 118, -192, -1, 6, -167, 77, 288, -107, -674, -89, 686, 454, -721, -686, 756, 717, -203, -566, -24, 601, 466, -261, -659, -86, 454, 222, -313, -475, -90, 399, -46, -101, -263, -18, 272, 61, 29, -236, 64, 311, 65, -275, -84, 23, -218, -36, 439, 75, -471, -338, 508, 639, -437, -500, 263, 409, -186, -547, 5, 466, 117, -436, -298, -14, 197, 178, -376, -338
